Donor	Condition	Sample_name	mean_logexpr	gene	role	axis
Donor1	Skin	Donor1_Skin	0.30343169989534563	ACVR1	receptor	INHBA_activin_TGF_family
Donor1	Wound1	Donor1_Wound1	0.20269705684897696	ACVR1	receptor	INHBA_activin_TGF_family
Donor1	Wound30	Donor1_Wound30	0.638510918883291	ACVR1	receptor	INHBA_activin_TGF_family
Donor1	Wound7	Donor1_Wound7	0.5908148941424521	ACVR1	receptor	INHBA_activin_TGF_family
Donor2	Skin	Donor2_Skin	0.4145594592208553	ACVR1	receptor	INHBA_activin_TGF_family
Donor2	Wound1	Donor2_Wound1	0.34269948049401644	ACVR1	receptor	INHBA_activin_TGF_family
Donor2	Wound30	Donor2_Wound30	0.9683930594430898	ACVR1	receptor	INHBA_activin_TGF_family
Donor2	Wound7	Donor2_Wound7	0.30184284013404994	ACVR1	receptor	INHBA_activin_TGF_family
Donor3	Skin	Donor3_Skin	0.1795780181733434	ACVR1	receptor	INHBA_activin_TGF_family
Donor3	Wound1	Donor3_Wound1	0.5202782958267734	ACVR1	receptor	INHBA_activin_TGF_family
Donor3	Wound30	Donor3_Wound30	0.4596821698993142	ACVR1	receptor	INHBA_activin_TGF_family
Donor3	Wound7	Donor3_Wound7	0.7201701859062412	ACVR1	receptor	INHBA_activin_TGF_family
Donor4	Skin	Donor4_Skin	0.5224498470574782	ACVR1	receptor	INHBA_activin_TGF_family
Donor4	Wound1	Donor4_Wound1	0.4042917072525909	ACVR1	receptor	INHBA_activin_TGF_family
Donor4	Wound30	Donor4_Wound30	0.6896348425309115	ACVR1	receptor	INHBA_activin_TGF_family
Donor4	Wound7	Donor4_Wound7	0.9499860045558015	ACVR1	receptor	INHBA_activin_TGF_family
Donor1	Skin	Donor1_Skin	0.6534198188257481	ACVR1B	receptor	INHBA_activin_TGF_family
Donor1	Wound1	Donor1_Wound1	0.505384689004116	ACVR1B	receptor	INHBA_activin_TGF_family
Donor1	Wound30	Donor1_Wound30	1.0069291528832884	ACVR1B	receptor	INHBA_activin_TGF_family
Donor1	Wound7	Donor1_Wound7	0.89048051376663	ACVR1B	receptor	INHBA_activin_TGF_family
Donor2	Skin	Donor2_Skin	0.6548396784873488	ACVR1B	receptor	INHBA_activin_TGF_family
Donor2	Wound1	Donor2_Wound1	0.6711613734205031	ACVR1B	receptor	INHBA_activin_TGF_family
Donor2	Wound30	Donor2_Wound30	0.6767288776022855	ACVR1B	receptor	INHBA_activin_TGF_family
Donor2	Wound7	Donor2_Wound7	0.42125949173033117	ACVR1B	receptor	INHBA_activin_TGF_family
Donor3	Skin	Donor3_Skin	0.6049888023593962	ACVR1B	receptor	INHBA_activin_TGF_family
Donor3	Wound1	Donor3_Wound1	0.6651182484303829	ACVR1B	receptor	INHBA_activin_TGF_family
Donor3	Wound30	Donor3_Wound30	0.6040429627486779	ACVR1B	receptor	INHBA_activin_TGF_family
Donor3	Wound7	Donor3_Wound7	0.6673165115537181	ACVR1B	receptor	INHBA_activin_TGF_family
Donor4	Skin	Donor4_Skin	0.9429429541162032	ACVR1B	receptor	INHBA_activin_TGF_family
Donor4	Wound1	Donor4_Wound1	0.5978621869107779	ACVR1B	receptor	INHBA_activin_TGF_family
Donor4	Wound30	Donor4_Wound30	0.43281444427805	ACVR1B	receptor	INHBA_activin_TGF_family
Donor4	Wound7	Donor4_Wound7	0.8465452239771809	ACVR1B	receptor	INHBA_activin_TGF_family
Donor1	Skin	Donor1_Skin	0.3905683505624328	ACVR2A	receptor	INHBA_activin_TGF_family
Donor1	Wound1	Donor1_Wound1	0.33309861936876983	ACVR2A	receptor	INHBA_activin_TGF_family
Donor1	Wound30	Donor1_Wound30	0.7615882652701921	ACVR2A	receptor	INHBA_activin_TGF_family
Donor1	Wound7	Donor1_Wound7	0.4990793004962847	ACVR2A	receptor	INHBA_activin_TGF_family
Donor2	Skin	Donor2_Skin	0.5637049657379637	ACVR2A	receptor	INHBA_activin_TGF_family
Donor2	Wound1	Donor2_Wound1	0.4047987430603121	ACVR2A	receptor	INHBA_activin_TGF_family
Donor2	Wound30	Donor2_Wound30	0.6799057627581812	ACVR2A	receptor	INHBA_activin_TGF_family
Donor2	Wound7	Donor2_Wound7	0.31337847937414287	ACVR2A	receptor	INHBA_activin_TGF_family
Donor3	Skin	Donor3_Skin	0.46393444512247206	ACVR2A	receptor	INHBA_activin_TGF_family
Donor3	Wound1	Donor3_Wound1	0.47611560372700223	ACVR2A	receptor	INHBA_activin_TGF_family
Donor3	Wound30	Donor3_Wound30	0.5314959959475769	ACVR2A	receptor	INHBA_activin_TGF_family
Donor3	Wound7	Donor3_Wound7	0.4899501544064496	ACVR2A	receptor	INHBA_activin_TGF_family
Donor4	Skin	Donor4_Skin	0.624208258024075	ACVR2A	receptor	INHBA_activin_TGF_family
Donor4	Wound1	Donor4_Wound1	0.31059989770561175	ACVR2A	receptor	INHBA_activin_TGF_family
Donor4	Wound30	Donor4_Wound30	0.32671879071564897	ACVR2A	receptor	INHBA_activin_TGF_family
Donor4	Wound7	Donor4_Wound7	0.5108629566864366	ACVR2A	receptor	INHBA_activin_TGF_family
Donor1	Skin	Donor1_Skin	0.046977172323205134	ACVR2B	receptor	INHBA_activin_TGF_family
Donor1	Wound1	Donor1_Wound1	0.013799578720298408	ACVR2B	receptor	INHBA_activin_TGF_family
Donor1	Wound30	Donor1_Wound30	0.08793529063182903	ACVR2B	receptor	INHBA_activin_TGF_family
Donor1	Wound7	Donor1_Wound7	0.06744197189190879	ACVR2B	receptor	INHBA_activin_TGF_family
Donor2	Skin	Donor2_Skin	0.05073381752307963	ACVR2B	receptor	INHBA_activin_TGF_family
Donor2	Wound1	Donor2_Wound1	0.08667212077416164	ACVR2B	receptor	INHBA_activin_TGF_family
Donor2	Wound30	Donor2_Wound30	0.08633126858407073	ACVR2B	receptor	INHBA_activin_TGF_family
Donor2	Wound7	Donor2_Wound7	0.06998316617084137	ACVR2B	receptor	INHBA_activin_TGF_family
Donor3	Skin	Donor3_Skin	0.015420432916642827	ACVR2B	receptor	INHBA_activin_TGF_family
Donor3	Wound1	Donor3_Wound1	0.09250519096758521	ACVR2B	receptor	INHBA_activin_TGF_family
Donor3	Wound30	Donor3_Wound30	0.06916970882678253	ACVR2B	receptor	INHBA_activin_TGF_family
Donor3	Wound7	Donor3_Wound7	0.06885957676658358	ACVR2B	receptor	INHBA_activin_TGF_family
Donor4	Skin	Donor4_Skin	0.03647652736186618	ACVR2B	receptor	INHBA_activin_TGF_family
Donor4	Wound1	Donor4_Wound1	0.05209752359202379	ACVR2B	receptor	INHBA_activin_TGF_family
Donor4	Wound30	Donor4_Wound30	0.056836341147456136	ACVR2B	receptor	INHBA_activin_TGF_family
Donor4	Wound7	Donor4_Wound7	0.1345241072960929	ACVR2B	receptor	INHBA_activin_TGF_family
Donor1	Skin	Donor1_Skin	0.045892334353691305	BAMBI	receptor	INHBA_activin_TGF_family
Donor1	Wound1	Donor1_Wound1	0.062002130338952216	BAMBI	receptor	INHBA_activin_TGF_family
Donor1	Wound30	Donor1_Wound30	0.1505662257577679	BAMBI	receptor	INHBA_activin_TGF_family
Donor1	Wound7	Donor1_Wound7	0.11629292642699163	BAMBI	receptor	INHBA_activin_TGF_family
Donor2	Skin	Donor2_Skin	0.017528168893780685	BAMBI	receptor	INHBA_activin_TGF_family
Donor2	Wound1	Donor2_Wound1	0.057183229818326714	BAMBI	receptor	INHBA_activin_TGF_family
Donor2	Wound30	Donor2_Wound30	0.05399385188374007	BAMBI	receptor	INHBA_activin_TGF_family
Donor2	Wound7	Donor2_Wound7	0.1197993405256497	BAMBI	receptor	INHBA_activin_TGF_family
Donor3	Skin	Donor3_Skin	0.011617412178460003	BAMBI	receptor	INHBA_activin_TGF_family
Donor3	Wound1	Donor3_Wound1	0.030748203152319905	BAMBI	receptor	INHBA_activin_TGF_family
Donor3	Wound30	Donor3_Wound30	0.0679180078397723	BAMBI	receptor	INHBA_activin_TGF_family
Donor3	Wound7	Donor3_Wound7	0.09748073550320878	BAMBI	receptor	INHBA_activin_TGF_family
Donor4	Skin	Donor4_Skin	0.06485521532456173	BAMBI	receptor	INHBA_activin_TGF_family
Donor4	Wound1	Donor4_Wound1	0.058081773769834394	BAMBI	receptor	INHBA_activin_TGF_family
Donor4	Wound30	Donor4_Wound30	0.0378741785340338	BAMBI	receptor	INHBA_activin_TGF_family
Donor4	Wound7	Donor4_Wound7	0.08394729615734632	BAMBI	receptor	INHBA_activin_TGF_family
Donor1	Skin	Donor1_Skin	0.0	CCL20	ligand	CCL20_CCR6
Donor1	Wound1	Donor1_Wound1	0.01686904378959099	CCL20	ligand	CCL20_CCR6
Donor1	Wound30	Donor1_Wound30	0.004659499577309834	CCL20	ligand	CCL20_CCR6
Donor1	Wound7	Donor1_Wound7	0.028106822650141212	CCL20	ligand	CCL20_CCR6
Donor2	Skin	Donor2_Skin	0.007072257078149605	CCL20	ligand	CCL20_CCR6
Donor2	Wound1	Donor2_Wound1	0.0037387269984497334	CCL20	ligand	CCL20_CCR6
Donor2	Wound30	Donor2_Wound30	0.00763807539757842	CCL20	ligand	CCL20_CCR6
Donor2	Wound7	Donor2_Wound7	0.008281018098404917	CCL20	ligand	CCL20_CCR6
Donor3	Skin	Donor3_Skin	0.01023943852537635	CCL20	ligand	CCL20_CCR6
Donor3	Wound1	Donor3_Wound1	0.0303074350056624	CCL20	ligand	CCL20_CCR6
Donor3	Wound30	Donor3_Wound30	0.003031944280416718	CCL20	ligand	CCL20_CCR6
Donor3	Wound7	Donor3_Wound7	0.1052991889985583	CCL20	ligand	CCL20_CCR6
Donor4	Skin	Donor4_Skin	0.0	CCL20	ligand	CCL20_CCR6
Donor4	Wound1	Donor4_Wound1	0.06998864429339635	CCL20	ligand	CCL20_CCR6
Donor4	Wound30	Donor4_Wound30	0.009586317556473909	CCL20	ligand	CCL20_CCR6
Donor4	Wound7	Donor4_Wound7	0.04411038997246831	CCL20	ligand	CCL20_CCR6
Donor1	Skin	Donor1_Skin	0.02546978864445231	CCR6	receptor	CCL20_CCR6
Donor1	Wound1	Donor1_Wound1	0.033680080813283164	CCR6	receptor	CCL20_CCR6
Donor1	Wound30	Donor1_Wound30	0.06720930465780138	CCR6	receptor	CCL20_CCR6
Donor1	Wound7	Donor1_Wound7	0.2154938197354017	CCR6	receptor	CCL20_CCR6
Donor2	Skin	Donor2_Skin	0.10205360208274929	CCR6	receptor	CCL20_CCR6
Donor2	Wound1	Donor2_Wound1	0.07174410634771032	CCR6	receptor	CCL20_CCR6
Donor2	Wound30	Donor2_Wound30	0.0788843397778058	CCR6	receptor	CCL20_CCR6
Donor2	Wound7	Donor2_Wound7	0.0682046287801377	CCR6	receptor	CCL20_CCR6
Donor3	Skin	Donor3_Skin	0.14304532452476787	CCR6	receptor	CCL20_CCR6
Donor3	Wound1	Donor3_Wound1	0.0719722976857966	CCR6	receptor	CCL20_CCR6
Donor3	Wound30	Donor3_Wound30	0.11093816825792685	CCR6	receptor	CCL20_CCR6
Donor3	Wound7	Donor3_Wound7	0.1866246012795506	CCR6	receptor	CCL20_CCR6
Donor4	Skin	Donor4_Skin	0.08751640206788491	CCR6	receptor	CCL20_CCR6
Donor4	Wound1	Donor4_Wound1	0.18141933973655766	CCR6	receptor	CCL20_CCR6
Donor4	Wound30	Donor4_Wound30	0.12763553561019472	CCR6	receptor	CCL20_CCR6
Donor4	Wound7	Donor4_Wound7	0.16466506073189396	CCR6	receptor	CCL20_CCR6
Donor1	Skin	Donor1_Skin	1.1399459002899566	CD47	receptor	THBS1_matrix_receptors
Donor1	Wound1	Donor1_Wound1	0.761312488015727	CD47	receptor	THBS1_matrix_receptors
Donor1	Wound30	Donor1_Wound30	1.6337876023462057	CD47	receptor	THBS1_matrix_receptors
Donor1	Wound7	Donor1_Wound7	2.1368048159324124	CD47	receptor	THBS1_matrix_receptors
Donor2	Skin	Donor2_Skin	1.5364674091797743	CD47	receptor	THBS1_matrix_receptors
Donor2	Wound1	Donor2_Wound1	1.1992526782308222	CD47	receptor	THBS1_matrix_receptors
Donor2	Wound30	Donor2_Wound30	2.376310768211106	CD47	receptor	THBS1_matrix_receptors
Donor2	Wound7	Donor2_Wound7	1.2178069235351439	CD47	receptor	THBS1_matrix_receptors
Donor3	Skin	Donor3_Skin	0.7028485728437818	CD47	receptor	THBS1_matrix_receptors
Donor3	Wound1	Donor3_Wound1	1.0414286628712952	CD47	receptor	THBS1_matrix_receptors
Donor3	Wound30	Donor3_Wound30	1.5665249302353157	CD47	receptor	THBS1_matrix_receptors
Donor3	Wound7	Donor3_Wound7	2.0844251337286464	CD47	receptor	THBS1_matrix_receptors
Donor4	Skin	Donor4_Skin	1.1029171285497403	CD47	receptor	THBS1_matrix_receptors
Donor4	Wound1	Donor4_Wound1	1.6491071714862888	CD47	receptor	THBS1_matrix_receptors
Donor4	Wound30	Donor4_Wound30	2.150280111012549	CD47	receptor	THBS1_matrix_receptors
Donor4	Wound7	Donor4_Wound7	2.3228749152958987	CD47	receptor	THBS1_matrix_receptors
Donor1	Skin	Donor1_Skin	1.6889605516215214	ENG	receptor	INHBA_activin_TGF_family
Donor1	Wound1	Donor1_Wound1	1.3260558653987249	ENG	receptor	INHBA_activin_TGF_family
Donor1	Wound30	Donor1_Wound30	2.6125051293631874	ENG	receptor	INHBA_activin_TGF_family
Donor1	Wound7	Donor1_Wound7	2.1645341659482416	ENG	receptor	INHBA_activin_TGF_family
Donor2	Skin	Donor2_Skin	1.0815745699899455	ENG	receptor	INHBA_activin_TGF_family
Donor2	Wound1	Donor2_Wound1	2.0280571847676465	ENG	receptor	INHBA_activin_TGF_family
Donor2	Wound30	Donor2_Wound30	3.012430938298234	ENG	receptor	INHBA_activin_TGF_family
Donor2	Wound7	Donor2_Wound7	2.2870610737074175	ENG	receptor	INHBA_activin_TGF_family
Donor3	Skin	Donor3_Skin	0.3421270687012722	ENG	receptor	INHBA_activin_TGF_family
Donor3	Wound1	Donor3_Wound1	0.8562612830484532	ENG	receptor	INHBA_activin_TGF_family
Donor3	Wound30	Donor3_Wound30	1.4212287951931495	ENG	receptor	INHBA_activin_TGF_family
Donor3	Wound7	Donor3_Wound7	2.41377884457386	ENG	receptor	INHBA_activin_TGF_family
Donor4	Skin	Donor4_Skin	0.631853105581883	ENG	receptor	INHBA_activin_TGF_family
Donor4	Wound1	Donor4_Wound1	1.9802506739176795	ENG	receptor	INHBA_activin_TGF_family
Donor4	Wound30	Donor4_Wound30	1.720665035652123	ENG	receptor	INHBA_activin_TGF_family
Donor4	Wound7	Donor4_Wound7	2.2311523937362265	ENG	receptor	INHBA_activin_TGF_family
Donor1	Skin	Donor1_Skin	0.02869547441139226	IL11	ligand	IL11_gp130
Donor1	Wound1	Donor1_Wound1	0.03171408916484016	IL11	ligand	IL11_gp130
Donor1	Wound30	Donor1_Wound30	0.04354596747103795	IL11	ligand	IL11_gp130
Donor1	Wound7	Donor1_Wound7	0.1478238131896467	IL11	ligand	IL11_gp130
Donor2	Skin	Donor2_Skin	0.021293571335906685	IL11	ligand	IL11_gp130
Donor2	Wound1	Donor2_Wound1	0.05051709853656876	IL11	ligand	IL11_gp130
Donor2	Wound30	Donor2_Wound30	0.09253639532599124	IL11	ligand	IL11_gp130
Donor2	Wound7	Donor2_Wound7	0.02178109989265643	IL11	ligand	IL11_gp130
Donor3	Skin	Donor3_Skin	0.008390947970909453	IL11	ligand	IL11_gp130
Donor3	Wound1	Donor3_Wound1	0.03525380685452457	IL11	ligand	IL11_gp130
Donor3	Wound30	Donor3_Wound30	0.02611432497994652	IL11	ligand	IL11_gp130
Donor3	Wound7	Donor3_Wound7	0.09559529117598321	IL11	ligand	IL11_gp130
Donor4	Skin	Donor4_Skin	0.034972429526541705	IL11	ligand	IL11_gp130
Donor4	Wound1	Donor4_Wound1	0.030142891261476353	IL11	ligand	IL11_gp130
Donor4	Wound30	Donor4_Wound30	0.03148696972313396	IL11	ligand	IL11_gp130
Donor4	Wound7	Donor4_Wound7	0.13896248760814783	IL11	ligand	IL11_gp130
Donor1	Skin	Donor1_Skin	1.3025459032615017	IL11RA	receptor	IL11_gp130
Donor1	Wound1	Donor1_Wound1	0.32342042982448566	IL11RA	receptor	IL11_gp130
Donor1	Wound30	Donor1_Wound30	1.5060538668356545	IL11RA	receptor	IL11_gp130
Donor1	Wound7	Donor1_Wound7	0.8108194501003518	IL11RA	receptor	IL11_gp130
Donor2	Skin	Donor2_Skin	1.1135910271151324	IL11RA	receptor	IL11_gp130
Donor2	Wound1	Donor2_Wound1	0.35094137592933256	IL11RA	receptor	IL11_gp130
Donor2	Wound30	Donor2_Wound30	1.5033435198524365	IL11RA	receptor	IL11_gp130
Donor2	Wound7	Donor2_Wound7	0.5250748412773332	IL11RA	receptor	IL11_gp130
Donor3	Skin	Donor3_Skin	0.8320645128133581	IL11RA	receptor	IL11_gp130
Donor3	Wound1	Donor3_Wound1	0.1953028215204509	IL11RA	receptor	IL11_gp130
Donor3	Wound30	Donor3_Wound30	1.1179355975816279	IL11RA	receptor	IL11_gp130
Donor3	Wound7	Donor3_Wound7	0.6453281594271238	IL11RA	receptor	IL11_gp130
Donor4	Skin	Donor4_Skin	0.9150673308013287	IL11RA	receptor	IL11_gp130
Donor4	Wound1	Donor4_Wound1	0.42095367445703447	IL11RA	receptor	IL11_gp130
Donor4	Wound30	Donor4_Wound30	1.09103444712078	IL11RA	receptor	IL11_gp130
Donor4	Wound7	Donor4_Wound7	0.9569609101787732	IL11RA	receptor	IL11_gp130
Donor1	Skin	Donor1_Skin	0.0	IL6	ligand	IL6_gp130
Donor1	Wound1	Donor1_Wound1	0.07438085957260947	IL6	ligand	IL6_gp130
Donor1	Wound30	Donor1_Wound30	0.004384284531431593	IL6	ligand	IL6_gp130
Donor1	Wound7	Donor1_Wound7	0.029843641518373945	IL6	ligand	IL6_gp130
Donor2	Skin	Donor2_Skin	0.006533087794744808	IL6	ligand	IL6_gp130
Donor2	Wound1	Donor2_Wound1	0.09977758279704585	IL6	ligand	IL6_gp130
Donor2	Wound30	Donor2_Wound30	0.009972786820492333	IL6	ligand	IL6_gp130
Donor2	Wound7	Donor2_Wound7	0.03861951831453536	IL6	ligand	IL6_gp130
Donor3	Skin	Donor3_Skin	0.0	IL6	ligand	IL6_gp130
Donor3	Wound1	Donor3_Wound1	0.07073047272234344	IL6	ligand	IL6_gp130
Donor3	Wound30	Donor3_Wound30	0.006633403157225531	IL6	ligand	IL6_gp130
Donor3	Wound7	Donor3_Wound7	0.6462081080447469	IL6	ligand	IL6_gp130
Donor4	Skin	Donor4_Skin	0.0	IL6	ligand	IL6_gp130
Donor4	Wound1	Donor4_Wound1	0.22179594693256519	IL6	ligand	IL6_gp130
Donor4	Wound30	Donor4_Wound30	0.009996740084815268	IL6	ligand	IL6_gp130
Donor4	Wound7	Donor4_Wound7	0.2052642575651786	IL6	ligand	IL6_gp130
Donor1	Skin	Donor1_Skin	0.29534104493938657	IL6R	receptor	IL6_gp130
Donor1	Wound1	Donor1_Wound1	0.4098431012601081	IL6R	receptor	IL6_gp130
Donor1	Wound30	Donor1_Wound30	0.38834020010834436	IL6R	receptor	IL6_gp130
Donor1	Wound7	Donor1_Wound7	0.7546539327353388	IL6R	receptor	IL6_gp130
Donor2	Skin	Donor2_Skin	0.20803238292728016	IL6R	receptor	IL6_gp130
Donor2	Wound1	Donor2_Wound1	0.7509667970492516	IL6R	receptor	IL6_gp130
Donor2	Wound30	Donor2_Wound30	0.30067686315096404	IL6R	receptor	IL6_gp130
Donor2	Wound7	Donor2_Wound7	0.36129625356968653	IL6R	receptor	IL6_gp130
Donor3	Skin	Donor3_Skin	0.19924062825420716	IL6R	receptor	IL6_gp130
Donor3	Wound1	Donor3_Wound1	0.7020228131723165	IL6R	receptor	IL6_gp130
Donor3	Wound30	Donor3_Wound30	0.38917662648820184	IL6R	receptor	IL6_gp130
Donor3	Wound7	Donor3_Wound7	0.6312165708657139	IL6R	receptor	IL6_gp130
Donor4	Skin	Donor4_Skin	0.25135150444243765	IL6R	receptor	IL6_gp130
Donor4	Wound1	Donor4_Wound1	0.8758306309768397	IL6R	receptor	IL6_gp130
Donor4	Wound30	Donor4_Wound30	0.35723178827912366	IL6R	receptor	IL6_gp130
Donor4	Wound7	Donor4_Wound7	0.5871017805410405	IL6R	receptor	IL6_gp130
Donor1	Skin	Donor1_Skin	1.867345958975244	IL6ST	receptor	IL11_gp130;IL6_gp130
Donor1	Wound1	Donor1_Wound1	0.7695899876206831	IL6ST	receptor	IL11_gp130;IL6_gp130
Donor1	Wound30	Donor1_Wound30	2.107949956893247	IL6ST	receptor	IL11_gp130;IL6_gp130
Donor1	Wound7	Donor1_Wound7	1.7818013859743216	IL6ST	receptor	IL11_gp130;IL6_gp130
Donor2	Skin	Donor2_Skin	2.2834770719541773	IL6ST	receptor	IL11_gp130;IL6_gp130
Donor2	Wound1	Donor2_Wound1	1.6205565882466042	IL6ST	receptor	IL11_gp130;IL6_gp130
Donor2	Wound30	Donor2_Wound30	2.7445436262407723	IL6ST	receptor	IL11_gp130;IL6_gp130
Donor2	Wound7	Donor2_Wound7	1.4148012746109282	IL6ST	receptor	IL11_gp130;IL6_gp130
Donor3	Skin	Donor3_Skin	0.9721775777230373	IL6ST	receptor	IL11_gp130;IL6_gp130
Donor3	Wound1	Donor3_Wound1	1.3807208865976353	IL6ST	receptor	IL11_gp130;IL6_gp130
Donor3	Wound30	Donor3_Wound30	2.2008542282803982	IL6ST	receptor	IL11_gp130;IL6_gp130
Donor3	Wound7	Donor3_Wound7	2.568134086990413	IL6ST	receptor	IL11_gp130;IL6_gp130
Donor4	Skin	Donor4_Skin	1.580215808921254	IL6ST	receptor	IL11_gp130;IL6_gp130
Donor4	Wound1	Donor4_Wound1	2.074114602575322	IL6ST	receptor	IL11_gp130;IL6_gp130
Donor4	Wound30	Donor4_Wound30	2.2927342781280338	IL6ST	receptor	IL11_gp130;IL6_gp130
Donor4	Wound7	Donor4_Wound7	2.679692498438662	IL6ST	receptor	IL11_gp130;IL6_gp130
Donor1	Skin	Donor1_Skin	0.08533652877649615	INHBA	ligand	INHBA_activin_TGF_family
Donor1	Wound1	Donor1_Wound1	0.14518453072268844	INHBA	ligand	INHBA_activin_TGF_family
Donor1	Wound30	Donor1_Wound30	0.21917460545735204	INHBA	ligand	INHBA_activin_TGF_family
Donor1	Wound7	Donor1_Wound7	1.1196699917504478	INHBA	ligand	INHBA_activin_TGF_family
Donor2	Skin	Donor2_Skin	0.059185869911029546	INHBA	ligand	INHBA_activin_TGF_family
Donor2	Wound1	Donor2_Wound1	0.35900657810468106	INHBA	ligand	INHBA_activin_TGF_family
Donor2	Wound30	Donor2_Wound30	0.8356078139117653	INHBA	ligand	INHBA_activin_TGF_family
Donor2	Wound7	Donor2_Wound7	0.47693937752583077	INHBA	ligand	INHBA_activin_TGF_family
Donor3	Skin	Donor3_Skin	0.057893972110712635	INHBA	ligand	INHBA_activin_TGF_family
Donor3	Wound1	Donor3_Wound1	0.6578746575970396	INHBA	ligand	INHBA_activin_TGF_family
Donor3	Wound30	Donor3_Wound30	0.2338449755814742	INHBA	ligand	INHBA_activin_TGF_family
Donor3	Wound7	Donor3_Wound7	0.8781288307664147	INHBA	ligand	INHBA_activin_TGF_family
Donor4	Skin	Donor4_Skin	0.17286610783540537	INHBA	ligand	INHBA_activin_TGF_family
Donor4	Wound1	Donor4_Wound1	0.47055833296653093	INHBA	ligand	INHBA_activin_TGF_family
Donor4	Wound30	Donor4_Wound30	0.771721831177785	INHBA	ligand	INHBA_activin_TGF_family
Donor4	Wound7	Donor4_Wound7	1.2137672755998834	INHBA	ligand	INHBA_activin_TGF_family
Donor1	Skin	Donor1_Skin	1.0759672686960156	ITGA5	receptor	TNC_integrin_syndecan
Donor1	Wound1	Donor1_Wound1	1.1761966793879317	ITGA5	receptor	TNC_integrin_syndecan
Donor1	Wound30	Donor1_Wound30	1.6477399946180742	ITGA5	receptor	TNC_integrin_syndecan
Donor1	Wound7	Donor1_Wound7	2.6541832192459927	ITGA5	receptor	TNC_integrin_syndecan
Donor2	Skin	Donor2_Skin	0.9525353895822288	ITGA5	receptor	TNC_integrin_syndecan
Donor2	Wound1	Donor2_Wound1	1.915019008698902	ITGA5	receptor	TNC_integrin_syndecan
Donor2	Wound30	Donor2_Wound30	2.297812973854394	ITGA5	receptor	TNC_integrin_syndecan
Donor2	Wound7	Donor2_Wound7	1.1555863061507747	ITGA5	receptor	TNC_integrin_syndecan
Donor3	Skin	Donor3_Skin	0.28458521629436534	ITGA5	receptor	TNC_integrin_syndecan
Donor3	Wound1	Donor3_Wound1	1.0887970045838316	ITGA5	receptor	TNC_integrin_syndecan
Donor3	Wound30	Donor3_Wound30	1.002407203124227	ITGA5	receptor	TNC_integrin_syndecan
Donor3	Wound7	Donor3_Wound7	1.7346212385958593	ITGA5	receptor	TNC_integrin_syndecan
Donor4	Skin	Donor4_Skin	0.6970520350220952	ITGA5	receptor	TNC_integrin_syndecan
Donor4	Wound1	Donor4_Wound1	1.922176097981438	ITGA5	receptor	TNC_integrin_syndecan
Donor4	Wound30	Donor4_Wound30	1.6541094884153804	ITGA5	receptor	TNC_integrin_syndecan
Donor4	Wound7	Donor4_Wound7	2.0902691474160275	ITGA5	receptor	TNC_integrin_syndecan
Donor1	Skin	Donor1_Skin	0.09584159896719872	ITGA8	receptor	TNC_integrin_syndecan
Donor1	Wound1	Donor1_Wound1	0.011348651760487778	ITGA8	receptor	TNC_integrin_syndecan
Donor1	Wound30	Donor1_Wound30	0.18264465816433675	ITGA8	receptor	TNC_integrin_syndecan
Donor1	Wound7	Donor1_Wound7	0.04394887005256424	ITGA8	receptor	TNC_integrin_syndecan
Donor2	Skin	Donor2_Skin	0.1227304051946852	ITGA8	receptor	TNC_integrin_syndecan
Donor2	Wound1	Donor2_Wound1	0.04120729087646047	ITGA8	receptor	TNC_integrin_syndecan
Donor2	Wound30	Donor2_Wound30	0.181733705124878	ITGA8	receptor	TNC_integrin_syndecan
Donor2	Wound7	Donor2_Wound7	0.03394427774111458	ITGA8	receptor	TNC_integrin_syndecan
Donor3	Skin	Donor3_Skin	0.0245428360606719	ITGA8	receptor	TNC_integrin_syndecan
Donor3	Wound1	Donor3_Wound1	0.056861520055314	ITGA8	receptor	TNC_integrin_syndecan
Donor3	Wound30	Donor3_Wound30	0.1432467539790788	ITGA8	receptor	TNC_integrin_syndecan
Donor3	Wound7	Donor3_Wound7	0.1620452829100121	ITGA8	receptor	TNC_integrin_syndecan
Donor4	Skin	Donor4_Skin	0.22267177984158154	ITGA8	receptor	TNC_integrin_syndecan
Donor4	Wound1	Donor4_Wound1	0.04984133145344965	ITGA8	receptor	TNC_integrin_syndecan
Donor4	Wound30	Donor4_Wound30	0.0870878677592357	ITGA8	receptor	TNC_integrin_syndecan
Donor4	Wound7	Donor4_Wound7	0.14503938112186981	ITGA8	receptor	TNC_integrin_syndecan
Donor1	Skin	Donor1_Skin	1.24767454436011	ITGAV	receptor	TNC_integrin_syndecan
Donor1	Wound1	Donor1_Wound1	1.0400608594221097	ITGAV	receptor	TNC_integrin_syndecan
Donor1	Wound30	Donor1_Wound30	1.9585907154537483	ITGAV	receptor	TNC_integrin_syndecan
Donor1	Wound7	Donor1_Wound7	3.208912087196572	ITGAV	receptor	TNC_integrin_syndecan
Donor2	Skin	Donor2_Skin	1.5355791566882566	ITGAV	receptor	TNC_integrin_syndecan
Donor2	Wound1	Donor2_Wound1	1.6948053658745965	ITGAV	receptor	TNC_integrin_syndecan
Donor2	Wound30	Donor2_Wound30	3.6437624290246986	ITGAV	receptor	TNC_integrin_syndecan
Donor2	Wound7	Donor2_Wound7	1.5190490235161065	ITGAV	receptor	TNC_integrin_syndecan
Donor3	Skin	Donor3_Skin	1.056195784376031	ITGAV	receptor	TNC_integrin_syndecan
Donor3	Wound1	Donor3_Wound1	1.3239738524032851	ITGAV	receptor	TNC_integrin_syndecan
Donor3	Wound30	Donor3_Wound30	1.5143020360564903	ITGAV	receptor	TNC_integrin_syndecan
Donor3	Wound7	Donor3_Wound7	2.7487747801063773	ITGAV	receptor	TNC_integrin_syndecan
Donor4	Skin	Donor4_Skin	1.5355245689532562	ITGAV	receptor	TNC_integrin_syndecan
Donor4	Wound1	Donor4_Wound1	1.7061390251379553	ITGAV	receptor	TNC_integrin_syndecan
Donor4	Wound30	Donor4_Wound30	2.7769310965186467	ITGAV	receptor	TNC_integrin_syndecan
Donor4	Wound7	Donor4_Wound7	3.0772783768149883	ITGAV	receptor	TNC_integrin_syndecan
Donor1	Skin	Donor1_Skin	1.8605486879620208	ITGB1	receptor	TNC_integrin_syndecan;THBS1_matrix_receptors
Donor1	Wound1	Donor1_Wound1	1.5664579047165834	ITGB1	receptor	TNC_integrin_syndecan;THBS1_matrix_receptors
Donor1	Wound30	Donor1_Wound30	2.7624993776757867	ITGB1	receptor	TNC_integrin_syndecan;THBS1_matrix_receptors
Donor1	Wound7	Donor1_Wound7	3.6407820760555656	ITGB1	receptor	TNC_integrin_syndecan;THBS1_matrix_receptors
Donor2	Skin	Donor2_Skin	1.9854161882020425	ITGB1	receptor	TNC_integrin_syndecan;THBS1_matrix_receptors
Donor2	Wound1	Donor2_Wound1	2.385326492239181	ITGB1	receptor	TNC_integrin_syndecan;THBS1_matrix_receptors
Donor2	Wound30	Donor2_Wound30	4.222248830108891	ITGB1	receptor	TNC_integrin_syndecan;THBS1_matrix_receptors
Donor2	Wound7	Donor2_Wound7	2.485051810667939	ITGB1	receptor	TNC_integrin_syndecan;THBS1_matrix_receptors
Donor3	Skin	Donor3_Skin	1.7371900229248376	ITGB1	receptor	TNC_integrin_syndecan;THBS1_matrix_receptors
Donor3	Wound1	Donor3_Wound1	2.5231519794148514	ITGB1	receptor	TNC_integrin_syndecan;THBS1_matrix_receptors
Donor3	Wound30	Donor3_Wound30	2.840443866207254	ITGB1	receptor	TNC_integrin_syndecan;THBS1_matrix_receptors
Donor3	Wound7	Donor3_Wound7	4.22715893259637	ITGB1	receptor	TNC_integrin_syndecan;THBS1_matrix_receptors
Donor4	Skin	Donor4_Skin	2.1144666782371613	ITGB1	receptor	TNC_integrin_syndecan;THBS1_matrix_receptors
Donor4	Wound1	Donor4_Wound1	3.563431409868301	ITGB1	receptor	TNC_integrin_syndecan;THBS1_matrix_receptors
Donor4	Wound30	Donor4_Wound30	4.052506277900335	ITGB1	receptor	TNC_integrin_syndecan;THBS1_matrix_receptors
Donor4	Wound7	Donor4_Wound7	4.4383419966945254	ITGB1	receptor	TNC_integrin_syndecan;THBS1_matrix_receptors
Donor1	Skin	Donor1_Skin	4.230254352721131	LRP1	receptor	THBS1_matrix_receptors;SERPINE1_LRP1
Donor1	Wound1	Donor1_Wound1	1.0380013773792034	LRP1	receptor	THBS1_matrix_receptors;SERPINE1_LRP1
Donor1	Wound30	Donor1_Wound30	4.164235871391045	LRP1	receptor	THBS1_matrix_receptors;SERPINE1_LRP1
Donor1	Wound7	Donor1_Wound7	2.7987591671225327	LRP1	receptor	THBS1_matrix_receptors;SERPINE1_LRP1
Donor2	Skin	Donor2_Skin	3.9759470012232905	LRP1	receptor	THBS1_matrix_receptors;SERPINE1_LRP1
Donor2	Wound1	Donor2_Wound1	1.5862135800202548	LRP1	receptor	THBS1_matrix_receptors;SERPINE1_LRP1
Donor2	Wound30	Donor2_Wound30	5.3146058151676625	LRP1	receptor	THBS1_matrix_receptors;SERPINE1_LRP1
Donor2	Wound7	Donor2_Wound7	2.568608925805719	LRP1	receptor	THBS1_matrix_receptors;SERPINE1_LRP1
Donor3	Skin	Donor3_Skin	1.660708344980585	LRP1	receptor	THBS1_matrix_receptors;SERPINE1_LRP1
Donor3	Wound1	Donor3_Wound1	1.1474469689477858	LRP1	receptor	THBS1_matrix_receptors;SERPINE1_LRP1
Donor3	Wound30	Donor3_Wound30	3.5100467048304833	LRP1	receptor	THBS1_matrix_receptors;SERPINE1_LRP1
Donor3	Wound7	Donor3_Wound7	3.3601568281604757	LRP1	receptor	THBS1_matrix_receptors;SERPINE1_LRP1
Donor4	Skin	Donor4_Skin	2.0920378182092825	LRP1	receptor	THBS1_matrix_receptors;SERPINE1_LRP1
Donor4	Wound1	Donor4_Wound1	1.89919665846712	LRP1	receptor	THBS1_matrix_receptors;SERPINE1_LRP1
Donor4	Wound30	Donor4_Wound30	4.3075118325817146	LRP1	receptor	THBS1_matrix_receptors;SERPINE1_LRP1
Donor4	Wound7	Donor4_Wound7	3.6587979436883353	LRP1	receptor	THBS1_matrix_receptors;SERPINE1_LRP1
Donor1	Skin	Donor1_Skin	2.0414611863861363	SDC4	receptor	TNC_integrin_syndecan;THBS1_matrix_receptors
Donor1	Wound1	Donor1_Wound1	1.2990747325552061	SDC4	receptor	TNC_integrin_syndecan;THBS1_matrix_receptors
Donor1	Wound30	Donor1_Wound30	2.178017113157861	SDC4	receptor	TNC_integrin_syndecan;THBS1_matrix_receptors
Donor1	Wound7	Donor1_Wound7	2.780983080103848	SDC4	receptor	TNC_integrin_syndecan;THBS1_matrix_receptors
Donor2	Skin	Donor2_Skin	1.4179867248489308	SDC4	receptor	TNC_integrin_syndecan;THBS1_matrix_receptors
Donor2	Wound1	Donor2_Wound1	1.8884610621222069	SDC4	receptor	TNC_integrin_syndecan;THBS1_matrix_receptors
Donor2	Wound30	Donor2_Wound30	1.3324207979582048	SDC4	receptor	TNC_integrin_syndecan;THBS1_matrix_receptors
Donor2	Wound7	Donor2_Wound7	1.4130771674657072	SDC4	receptor	TNC_integrin_syndecan;THBS1_matrix_receptors
Donor3	Skin	Donor3_Skin	1.0349351779075873	SDC4	receptor	TNC_integrin_syndecan;THBS1_matrix_receptors
Donor3	Wound1	Donor3_Wound1	1.33140744625353	SDC4	receptor	TNC_integrin_syndecan;THBS1_matrix_receptors
Donor3	Wound30	Donor3_Wound30	1.088013178539938	SDC4	receptor	TNC_integrin_syndecan;THBS1_matrix_receptors
Donor3	Wound7	Donor3_Wound7	1.304484268763468	SDC4	receptor	TNC_integrin_syndecan;THBS1_matrix_receptors
Donor4	Skin	Donor4_Skin	1.4434521993696197	SDC4	receptor	TNC_integrin_syndecan;THBS1_matrix_receptors
Donor4	Wound1	Donor4_Wound1	1.2900899938140586	SDC4	receptor	TNC_integrin_syndecan;THBS1_matrix_receptors
Donor4	Wound30	Donor4_Wound30	0.8915610729908697	SDC4	receptor	TNC_integrin_syndecan;THBS1_matrix_receptors
Donor4	Wound7	Donor4_Wound7	1.874277690202801	SDC4	receptor	TNC_integrin_syndecan;THBS1_matrix_receptors
Donor1	Skin	Donor1_Skin	0.01295994399195665	SERPINE1	ligand	SERPINE1_LRP1
Donor1	Wound1	Donor1_Wound1	0.7015430879776063	SERPINE1	ligand	SERPINE1_LRP1
Donor1	Wound30	Donor1_Wound30	0.2507904811640529	SERPINE1	ligand	SERPINE1_LRP1
Donor1	Wound7	Donor1_Wound7	2.222652393656174	SERPINE1	ligand	SERPINE1_LRP1
Donor2	Skin	Donor2_Skin	0.11129403829871008	SERPINE1	ligand	SERPINE1_LRP1
Donor2	Wound1	Donor2_Wound1	1.6103937085231828	SERPINE1	ligand	SERPINE1_LRP1
Donor2	Wound30	Donor2_Wound30	0.7837519704482455	SERPINE1	ligand	SERPINE1_LRP1
Donor2	Wound7	Donor2_Wound7	0.34222909499975895	SERPINE1	ligand	SERPINE1_LRP1
Donor3	Skin	Donor3_Skin	0.19191802430836172	SERPINE1	ligand	SERPINE1_LRP1
Donor3	Wound1	Donor3_Wound1	1.4051696739034703	SERPINE1	ligand	SERPINE1_LRP1
Donor3	Wound30	Donor3_Wound30	0.0867675035570835	SERPINE1	ligand	SERPINE1_LRP1
Donor3	Wound7	Donor3_Wound7	1.483971038532234	SERPINE1	ligand	SERPINE1_LRP1
Donor4	Skin	Donor4_Skin	0.0633185058629311	SERPINE1	ligand	SERPINE1_LRP1
Donor4	Wound1	Donor4_Wound1	1.5076453369252676	SERPINE1	ligand	SERPINE1_LRP1
Donor4	Wound30	Donor4_Wound30	0.5044771205787112	SERPINE1	ligand	SERPINE1_LRP1
Donor4	Wound7	Donor4_Wound7	1.5823322536805078	SERPINE1	ligand	SERPINE1_LRP1
Donor1	Skin	Donor1_Skin	1.4484687999785968	TGFBR3	receptor	INHBA_activin_TGF_family
Donor1	Wound1	Donor1_Wound1	0.40828826167109133	TGFBR3	receptor	INHBA_activin_TGF_family
Donor1	Wound30	Donor1_Wound30	1.1999616089005085	TGFBR3	receptor	INHBA_activin_TGF_family
Donor1	Wound7	Donor1_Wound7	0.5913489214015121	TGFBR3	receptor	INHBA_activin_TGF_family
Donor2	Skin	Donor2_Skin	2.3985165627034726	TGFBR3	receptor	INHBA_activin_TGF_family
Donor2	Wound1	Donor2_Wound1	0.8806582759091248	TGFBR3	receptor	INHBA_activin_TGF_family
Donor2	Wound30	Donor2_Wound30	1.7776446142542648	TGFBR3	receptor	INHBA_activin_TGF_family
Donor2	Wound7	Donor2_Wound7	0.7631160515007451	TGFBR3	receptor	INHBA_activin_TGF_family
Donor3	Skin	Donor3_Skin	0.9224157460308252	TGFBR3	receptor	INHBA_activin_TGF_family
Donor3	Wound1	Donor3_Wound1	0.4834789902152213	TGFBR3	receptor	INHBA_activin_TGF_family
Donor3	Wound30	Donor3_Wound30	1.4826947499571357	TGFBR3	receptor	INHBA_activin_TGF_family
Donor3	Wound7	Donor3_Wound7	1.3848495361000188	TGFBR3	receptor	INHBA_activin_TGF_family
Donor4	Skin	Donor4_Skin	0.9035625256410781	TGFBR3	receptor	INHBA_activin_TGF_family
Donor4	Wound1	Donor4_Wound1	0.9638575171641377	TGFBR3	receptor	INHBA_activin_TGF_family
Donor4	Wound30	Donor4_Wound30	1.4811538496725827	TGFBR3	receptor	INHBA_activin_TGF_family
Donor4	Wound7	Donor4_Wound7	1.1757127004708812	TGFBR3	receptor	INHBA_activin_TGF_family
Donor1	Skin	Donor1_Skin	0.8025343259159073	THBS1	ligand	THBS1_matrix_receptors
Donor1	Wound1	Donor1_Wound1	1.7112637676187716	THBS1	ligand	THBS1_matrix_receptors
Donor1	Wound30	Donor1_Wound30	1.6860670754957159	THBS1	ligand	THBS1_matrix_receptors
Donor1	Wound7	Donor1_Wound7	2.4281753880427908	THBS1	ligand	THBS1_matrix_receptors
Donor2	Skin	Donor2_Skin	1.488018022494171	THBS1	ligand	THBS1_matrix_receptors
Donor2	Wound1	Donor2_Wound1	3.4748128336745943	THBS1	ligand	THBS1_matrix_receptors
Donor2	Wound30	Donor2_Wound30	3.0686738956490713	THBS1	ligand	THBS1_matrix_receptors
Donor2	Wound7	Donor2_Wound7	0.9697402484286811	THBS1	ligand	THBS1_matrix_receptors
Donor3	Skin	Donor3_Skin	0.5155837757191649	THBS1	ligand	THBS1_matrix_receptors
Donor3	Wound1	Donor3_Wound1	1.6827697777445845	THBS1	ligand	THBS1_matrix_receptors
Donor3	Wound30	Donor3_Wound30	0.9068621663108644	THBS1	ligand	THBS1_matrix_receptors
Donor3	Wound7	Donor3_Wound7	4.575502797791879	THBS1	ligand	THBS1_matrix_receptors
Donor4	Skin	Donor4_Skin	0.33690760335868625	THBS1	ligand	THBS1_matrix_receptors
Donor4	Wound1	Donor4_Wound1	3.4398055275906327	THBS1	ligand	THBS1_matrix_receptors
Donor4	Wound30	Donor4_Wound30	2.139571031740949	THBS1	ligand	THBS1_matrix_receptors
Donor4	Wound7	Donor4_Wound7	2.8326401207056917	THBS1	ligand	THBS1_matrix_receptors
Donor1	Skin	Donor1_Skin	0.4392572652753594	TNC	ligand	TNC_integrin_syndecan
Donor1	Wound1	Donor1_Wound1	1.5304164378904261	TNC	ligand	TNC_integrin_syndecan
Donor1	Wound30	Donor1_Wound30	1.9140832868568152	TNC	ligand	TNC_integrin_syndecan
Donor1	Wound7	Donor1_Wound7	3.6323845494379112	TNC	ligand	TNC_integrin_syndecan
Donor2	Skin	Donor2_Skin	0.3858564475536942	TNC	ligand	TNC_integrin_syndecan
Donor2	Wound1	Donor2_Wound1	2.7353933056003727	TNC	ligand	TNC_integrin_syndecan
Donor2	Wound30	Donor2_Wound30	4.674497928098076	TNC	ligand	TNC_integrin_syndecan
Donor2	Wound7	Donor2_Wound7	1.4699547853764574	TNC	ligand	TNC_integrin_syndecan
Donor3	Skin	Donor3_Skin	0.41923568836589187	TNC	ligand	TNC_integrin_syndecan
Donor3	Wound1	Donor3_Wound1	2.232978375986805	TNC	ligand	TNC_integrin_syndecan
Donor3	Wound30	Donor3_Wound30	0.9305733931325044	TNC	ligand	TNC_integrin_syndecan
Donor3	Wound7	Donor3_Wound7	3.885531689614304	TNC	ligand	TNC_integrin_syndecan
Donor4	Skin	Donor4_Skin	0.6098690456953556	TNC	ligand	TNC_integrin_syndecan
Donor4	Wound1	Donor4_Wound1	2.4662360890991795	TNC	ligand	TNC_integrin_syndecan
Donor4	Wound30	Donor4_Wound30	2.9899498359231775	TNC	ligand	TNC_integrin_syndecan
Donor4	Wound7	Donor4_Wound7	3.9652827930679684	TNC	ligand	TNC_integrin_syndecan
