Evidence layer	Dataset/resource	What it supports	What it cannot prove	How handled in manuscript
DFU outcome discovery	GSE165816	SRRS is associated with 12-week DFU healing status in the discovery cohort.	Independent generalisability, causality or clinical readiness.	Primary discovery result; explicitly described as one small outcome cohort.
Permutation, LODO and bootstrap robustness	GSE165816	Within-cohort stability of the SRRS-healing association.	External validation in another DFU outcome cohort.	Reported as robustness rather than validation.
Random gene-panel and housekeeping controls	GSE165816	SRRS modules outperform random expressed-gene panels and are not explained by housekeeping activity.	Absence of all confounding or causal mechanism.	Used to reduce arbitrary-gene-set concern.
Ligand-excluded SRRS sensitivity	GSE165816, GSE223964, GSE241124	Candidate ligand findings are not a trivial consequence of including the ligand panel in SRRS.	Ligands are causal therapeutic targets.	Presented as a non-circular sensitivity analysis.
Acute wound reference alignment	GSE241132	Healing-associated DFU fibroblasts align with a published human acute wound repair-phase programme.	DFU fully recapitulates normal acute wound healing or that the reference is a DFU validation cohort.	Described as reference alignment, not validation.
External chronic wound state conservation	GSE223964	SRRS-high fibroblasts in an independent chronic wound dataset retain the candidate ligand programme.	Independent prediction of DFU healing outcome.	Called state conservation rather than outcome validation.
Acute wound spatial tissue context	GSE241124	SRRS localises to repair-phase acute wound tissue and correlates with stromal/vascular marker programmes.	DFU spatial validation or direct cell-cell signalling.	Donor-first spatial contextualisation; spot-level models treated as sensitivity support.
Spatial ligand-receptor and receptor-side analyses	GSE241124	Tiered candidate communication modules, strongest for TNC-integrin/syndecan and ligand-led INHBA/TGF-family.	Protein-level receptor activation or causal signalling.	Candidate communication axes with explicit tiering.
Perturbation-informed enrichment	GEO/LINCS perturbation libraries	Biological plausibility of inducible TGF, TNF, IL6/FGF and fibroblast-related programmes.	DFU-specific functional perturbation or therapeutic efficacy.	Framed as plausibility support, not functional validation.
