signature	gene	n_genes
D1_vs_D0_top100	MT2A	100
D1_vs_D0_top100	SERPINE2	100
D1_vs_D0_top100	YBX1	100
D1_vs_D0_top100	S100A11	100
D1_vs_D0_top100	TIMP1	100
D1_vs_D0_top100	TNC	100
D1_vs_D0_top100	MIF	100
D1_vs_D0_top100	CD59	100
D1_vs_D0_top100	MT1X	100
D1_vs_D0_top100	ENO1	100
D1_vs_D0_top100	GAPDH	100
D1_vs_D0_top100	S100A9	100
D1_vs_D0_top100	S100A2	100
D1_vs_D0_top100	SH3BGRL3	100
D1_vs_D0_top100	PSMA7	100
D1_vs_D0_top100	TUBA1C	100
D1_vs_D0_top100	PRELID1	100
D1_vs_D0_top100	PKM	100
D1_vs_D0_top100	C1QBP	100
D1_vs_D0_top100	KRT14	100
D1_vs_D0_top100	NME2	100
D1_vs_D0_top100	PFN1	100
D1_vs_D0_top100	S100A8	100
D1_vs_D0_top100	TXN	100
D1_vs_D0_top100	NME1	100
D1_vs_D0_top100	POMP	100
D1_vs_D0_top100	ACTB	100
D1_vs_D0_top100	RAN	100
D1_vs_D0_top100	S100A16	100
D1_vs_D0_top100	EIF5A	100
D1_vs_D0_top100	PPP1R14B	100
D1_vs_D0_top100	CTSL	100
D1_vs_D0_top100	GSTP1	100
D1_vs_D0_top100	SEC61G	100
D1_vs_D0_top100	EMP3	100
D1_vs_D0_top100	MT1E	100
D1_vs_D0_top100	GSTO1	100
D1_vs_D0_top100	SNRPF	100
D1_vs_D0_top100	POLR2L	100
D1_vs_D0_top100	TNFRSF12A	100
D1_vs_D0_top100	PPIB	100
D1_vs_D0_top100	NDUFS6	100
D1_vs_D0_top100	LDHA	100
D1_vs_D0_top100	GADD45GIP1	100
D1_vs_D0_top100	S100A7	100
D1_vs_D0_top100	PSMB1	100
D1_vs_D0_top100	C11orf96	100
D1_vs_D0_top100	TUBA1B	100
D1_vs_D0_top100	ATP5MC3	100
D1_vs_D0_top100	KRT6A	100
D1_vs_D0_top100	FABP5	100
D1_vs_D0_top100	ARPC1B	100
D1_vs_D0_top100	PDCD5	100
D1_vs_D0_top100	ATP5F1E	100
D1_vs_D0_top100	NHP2	100
D1_vs_D0_top100	NDUFA13	100
D1_vs_D0_top100	SEC61B	100
D1_vs_D0_top100	IFITM3	100
D1_vs_D0_top100	SLIRP	100
D1_vs_D0_top100	YWHAB	100
D1_vs_D0_top100	PLA2G2A	100
D1_vs_D0_top100	ACTG1	100
D1_vs_D0_top100	RANBP1	100
D1_vs_D0_top100	TOMM5	100
D1_vs_D0_top100	HINT1	100
D1_vs_D0_top100	PSMA6	100
D1_vs_D0_top100	NDUFA4	100
D1_vs_D0_top100	CD63	100
D1_vs_D0_top100	PA2G4	100
D1_vs_D0_top100	S100A10	100
D1_vs_D0_top100	CCT5	100
D1_vs_D0_top100	IL1R1	100
D1_vs_D0_top100	ATP5F1D	100
D1_vs_D0_top100	PSMB3	100
D1_vs_D0_top100	LSM7	100
D1_vs_D0_top100	IGFBP4	100
D1_vs_D0_top100	APRT	100
D1_vs_D0_top100	NDUFB2	100
D1_vs_D0_top100	ELOB	100
D1_vs_D0_top100	MRPL20	100
D1_vs_D0_top100	SNRPG	100
D1_vs_D0_top100	DDX21	100
D1_vs_D0_top100	FTH1	100
D1_vs_D0_top100	UQCR11	100
D1_vs_D0_top100	NDUFC2	100
D1_vs_D0_top100	SRSF9	100
D1_vs_D0_top100	SNRPD1	100
D1_vs_D0_top100	BASP1	100
D1_vs_D0_top100	EIF4A1	100
D1_vs_D0_top100	SRM	100
D1_vs_D0_top100	PSMD8	100
D1_vs_D0_top100	SNRPE	100
D1_vs_D0_top100	PDPN	100
D1_vs_D0_top100	GPX1	100
D1_vs_D0_top100	MICOS10	100
D1_vs_D0_top100	TIMM13	100
D1_vs_D0_top100	ATOX1	100
D1_vs_D0_top100	TPI1	100
D1_vs_D0_top100	NDUFAB1	100
D1_vs_D0_top100	MMP1	100
D7_vs_D0_top100_original	CTHRC1	100
D7_vs_D0_top100_original	PPP1R14B	100
D7_vs_D0_top100_original	GAPDH	100
D7_vs_D0_top100_original	C11orf96	100
D7_vs_D0_top100_original	TNC	100
D7_vs_D0_top100_original	TPM2	100
D7_vs_D0_top100_original	PPIB	100
D7_vs_D0_top100_original	P4HB	100
D7_vs_D0_top100_original	LUM	100
D7_vs_D0_top100_original	THY1	100
D7_vs_D0_top100_original	S100A11	100
D7_vs_D0_top100_original	LGALS1	100
D7_vs_D0_top100_original	MIF	100
D7_vs_D0_top100_original	ARPC1B	100
D7_vs_D0_top100_original	NME2	100
D7_vs_D0_top100_original	ENO1	100
D7_vs_D0_top100_original	ACTG1	100
D7_vs_D0_top100_original	PKM	100
D7_vs_D0_top100_original	YBX1	100
D7_vs_D0_top100_original	TIMP1	100
D7_vs_D0_top100_original	ACTB	100
D7_vs_D0_top100_original	TPM4	100
D7_vs_D0_top100_original	TMSB10	100
D7_vs_D0_top100_original	RCN3	100
D7_vs_D0_top100_original	PRDX4	100
D7_vs_D0_top100_original	PFN1	100
D7_vs_D0_top100_original	COL6A3	100
D7_vs_D0_top100_original	COL5A2	100
D7_vs_D0_top100_original	MYDGF	100
D7_vs_D0_top100_original	TUBA1C	100
D7_vs_D0_top100_original	COL1A1	100
D7_vs_D0_top100_original	BRI3	100
D7_vs_D0_top100_original	TAGLN	100
D7_vs_D0_top100_original	PRELID1	100
D7_vs_D0_top100_original	SEC61G	100
D7_vs_D0_top100_original	ADAM12	100
D7_vs_D0_top100_original	SPHK1	100
D7_vs_D0_top100_original	SERF2	100
D7_vs_D0_top100_original	FKBP11	100
D7_vs_D0_top100_original	OST4	100
D7_vs_D0_top100_original	SRM	100
D7_vs_D0_top100_original	POSTN	100
D7_vs_D0_top100_original	BASP1	100
D7_vs_D0_top100_original	KDELR2	100
D7_vs_D0_top100_original	SEC61B	100
D7_vs_D0_top100_original	SSR4	100
D7_vs_D0_top100_original	OSTC	100
D7_vs_D0_top100_original	CAVIN3	100
D7_vs_D0_top100_original	INHBA	100
D7_vs_D0_top100_original	TUBA1B	100
D7_vs_D0_top100_original	SSR3	100
D7_vs_D0_top100_original	AP2S1	100
D7_vs_D0_top100_original	CXCL8	100
D7_vs_D0_top100_original	RAC1	100
D7_vs_D0_top100_original	RABAC1	100
D7_vs_D0_top100_original	S100A16	100
D7_vs_D0_top100_original	TGFBI	100
D7_vs_D0_top100_original	CTSB	100
D7_vs_D0_top100_original	PLIN2	100
D7_vs_D0_top100_original	TMSB4X	100
D7_vs_D0_top100_original	SH3BGRL3	100
D7_vs_D0_top100_original	PGAM1	100
D7_vs_D0_top100_original	MAP2K2	100
D7_vs_D0_top100_original	TUBB3	100
D7_vs_D0_top100_original	CKAP4	100
D7_vs_D0_top100_original	CYTOR	100
D7_vs_D0_top100_original	NME1	100
D7_vs_D0_top100_original	MZT2B	100
D7_vs_D0_top100_original	ATP5F1D	100
D7_vs_D0_top100_original	GSTP1	100
D7_vs_D0_top100_original	LSM7	100
D7_vs_D0_top100_original	CFL1	100
D7_vs_D0_top100_original	ATP5MC3	100
D7_vs_D0_top100_original	TNFRSF12A	100
D7_vs_D0_top100_original	UQCR10	100
D7_vs_D0_top100_original	FN1	100
D7_vs_D0_top100_original	UQCR11	100
D7_vs_D0_top100_original	PSMA7	100
D7_vs_D0_top100_original	LDHB	100
D7_vs_D0_top100_original	PDIA6	100
D7_vs_D0_top100_original	RCN1	100
D7_vs_D0_top100_original	EIF5A	100
D7_vs_D0_top100_original	GUK1	100
D7_vs_D0_top100_original	FAP	100
D7_vs_D0_top100_original	COL3A1	100
D7_vs_D0_top100_original	COX8A	100
D7_vs_D0_top100_original	CALR	100
D7_vs_D0_top100_original	TPI1	100
D7_vs_D0_top100_original	ATOX1	100
D7_vs_D0_top100_original	RAB13	100
D7_vs_D0_top100_original	VKORC1	100
D7_vs_D0_top100_original	VDAC1	100
D7_vs_D0_top100_original	MYL12A	100
D7_vs_D0_top100_original	EEF1B2	100
D7_vs_D0_top100_original	AP2M1	100
D7_vs_D0_top100_original	COTL1	100
D7_vs_D0_top100_original	PTMS	100
D7_vs_D0_top100_original	C1QBP	100
D7_vs_D0_top100_original	GSTO1	100
D7_vs_D0_top100_original	GNG5	100
D30_vs_D0_top100	POSTN	100
D30_vs_D0_top100	COL1A1	100
D30_vs_D0_top100	COL3A1	100
D30_vs_D0_top100	LUM	100
D30_vs_D0_top100	ASPN	100
D30_vs_D0_top100	SPARC	100
D30_vs_D0_top100	MDK	100
D30_vs_D0_top100	COL1A2	100
D30_vs_D0_top100	THY1	100
D30_vs_D0_top100	COL5A2	100
D30_vs_D0_top100	HTRA1	100
D30_vs_D0_top100	CTHRC1	100
D30_vs_D0_top100	FN1	100
D30_vs_D0_top100	BGN	100
D30_vs_D0_top100	ADAM12	100
D30_vs_D0_top100	PPIB	100
D30_vs_D0_top100	PRDX4	100
D30_vs_D0_top100	COL5A1	100
D30_vs_D0_top100	TNC	100
D30_vs_D0_top100	PCOLCE	100
D30_vs_D0_top100	PPIC	100
D30_vs_D0_top100	FAP	100
D30_vs_D0_top100	COL12A1	100
D30_vs_D0_top100	SERF2	100
D30_vs_D0_top100	LGALS1	100
D30_vs_D0_top100	COL6A3	100
D30_vs_D0_top100	RABAC1	100
D30_vs_D0_top100	OSTC	100
D30_vs_D0_top100	NME2	100
D30_vs_D0_top100	VKORC1	100
D30_vs_D0_top100	MFAP5	100
D30_vs_D0_top100	S100A11	100
D30_vs_D0_top100	DPT	100
D30_vs_D0_top100	MFAP2	100
D30_vs_D0_top100	ACTB	100
D30_vs_D0_top100	CD63	100
D30_vs_D0_top100	TAGLN	100
D30_vs_D0_top100	COL14A1	100
D30_vs_D0_top100	CPXM1	100
D30_vs_D0_top100	GAPDH	100
D30_vs_D0_top100	SSR4	100
D30_vs_D0_top100	SFRP2	100
D30_vs_D0_top100	FTL	100
D30_vs_D0_top100	CSRP2	100
D30_vs_D0_top100	PHPT1	100
D30_vs_D0_top100	TUBA1A	100
D30_vs_D0_top100	PRDX5	100
D30_vs_D0_top100	C1QTNF3	100
D30_vs_D0_top100	CALD1	100
D30_vs_D0_top100	ARPC1B	100
D30_vs_D0_top100	OST4	100
D30_vs_D0_top100	KDELR3	100
D30_vs_D0_top100	CD99	100
D30_vs_D0_top100	COL6A1	100
D30_vs_D0_top100	MGST3	100
D30_vs_D0_top100	RCN3	100
D30_vs_D0_top100	FKBP10	100
D30_vs_D0_top100	SSR3	100
D30_vs_D0_top100	SERPINF1	100
D30_vs_D0_top100	TIMP1	100
D30_vs_D0_top100	SPON2	100
D30_vs_D0_top100	GSTP1	100
D30_vs_D0_top100	CERCAM	100
D30_vs_D0_top100	TPM2	100
D30_vs_D0_top100	CALU	100
D30_vs_D0_top100	MIF	100
D30_vs_D0_top100	TMSB10	100
D30_vs_D0_top100	TMSB4X	100
D30_vs_D0_top100	P4HB	100
D30_vs_D0_top100	TMEM208	100
D30_vs_D0_top100	GPX8	100
D30_vs_D0_top100	S100A16	100
D30_vs_D0_top100	ACTG1	100
D30_vs_D0_top100	YIF1A	100
D30_vs_D0_top100	LRRC15	100
D30_vs_D0_top100	ISLR	100
D30_vs_D0_top100	COMP	100
D30_vs_D0_top100	PRSS23	100
D30_vs_D0_top100	SEC61B	100
D30_vs_D0_top100	SEC61G	100
D30_vs_D0_top100	ATOX1	100
D30_vs_D0_top100	C1QTNF6	100
D30_vs_D0_top100	DYNLT1	100
D30_vs_D0_top100	NDUFA13	100
D30_vs_D0_top100	UQCR11	100
D30_vs_D0_top100	ADAMTS2	100
D30_vs_D0_top100	C9orf16	100
D30_vs_D0_top100	LMAN1	100
D30_vs_D0_top100	FABP5	100
D30_vs_D0_top100	TGFBI	100
D30_vs_D0_top100	UQCR10	100
D30_vs_D0_top100	P4HA2	100
D30_vs_D0_top100	CAPZB	100
D30_vs_D0_top100	RAB13	100
D30_vs_D0_top100	CTSA	100
D30_vs_D0_top100	MYL9	100
D30_vs_D0_top100	OLFML2B	100
D30_vs_D0_top100	SELENOM	100
D30_vs_D0_top100	ARPC3	100
D30_vs_D0_top100	CCN5	100
D7_vs_D1_top100	COL3A1	100
D7_vs_D1_top100	COL1A1	100
D7_vs_D1_top100	LUM	100
D7_vs_D1_top100	CTHRC1	100
D7_vs_D1_top100	POSTN	100
D7_vs_D1_top100	COL1A2	100
D7_vs_D1_top100	SPARC	100
D7_vs_D1_top100	LGALS1	100
D7_vs_D1_top100	FN1	100
D7_vs_D1_top100	TPM2	100
D7_vs_D1_top100	COL5A2	100
D7_vs_D1_top100	TMSB4X	100
D7_vs_D1_top100	TGFBI	100
D7_vs_D1_top100	COL5A1	100
D7_vs_D1_top100	THY1	100
D7_vs_D1_top100	PCOLCE	100
D7_vs_D1_top100	CRABP2	100
D7_vs_D1_top100	SERPINH1	100
D7_vs_D1_top100	CALD1	100
D7_vs_D1_top100	BGN	100
D7_vs_D1_top100	TAGLN	100
D7_vs_D1_top100	ADAM12	100
D7_vs_D1_top100	RCN3	100
D7_vs_D1_top100	MYL9	100
D7_vs_D1_top100	OLFML3	100
D7_vs_D1_top100	PPP1R14B	100
D7_vs_D1_top100	RABAC1	100
D7_vs_D1_top100	P4HB	100
D7_vs_D1_top100	HTRA1	100
D7_vs_D1_top100	COL6A3	100
D7_vs_D1_top100	C11orf96	100
D7_vs_D1_top100	MAP2K2	100
D7_vs_D1_top100	SERF2	100
D7_vs_D1_top100	TPM1	100
D7_vs_D1_top100	CD99	100
D7_vs_D1_top100	INHBA	100
D7_vs_D1_top100	COL12A1	100
D7_vs_D1_top100	MARCKS	100
D7_vs_D1_top100	FKBP10	100
D7_vs_D1_top100	FKBP11	100
D7_vs_D1_top100	ISLR	100
D7_vs_D1_top100	CERCAM	100
D7_vs_D1_top100	TUBB3	100
D7_vs_D1_top100	MFAP5	100
D7_vs_D1_top100	ANGPTL4	100
D7_vs_D1_top100	PRDX5	100
D7_vs_D1_top100	CAVIN3	100
D7_vs_D1_top100	DDIT4	100
D7_vs_D1_top100	FSCN1	100
D7_vs_D1_top100	VKORC1	100
D7_vs_D1_top100	SSR3	100
D7_vs_D1_top100	COPZ2	100
D7_vs_D1_top100	SSR2	100
D7_vs_D1_top100	OST4	100
D7_vs_D1_top100	PALLD	100
D7_vs_D1_top100	P4HA2	100
D7_vs_D1_top100	TMSB10	100
D7_vs_D1_top100	KDELR3	100
D7_vs_D1_top100	BRI3	100
D7_vs_D1_top100	CYBA	100
D7_vs_D1_top100	SNAI2	100
D7_vs_D1_top100	PDLIM2	100
D7_vs_D1_top100	LOXL2	100
D7_vs_D1_top100	GPX8	100
D7_vs_D1_top100	MZT2B	100
D7_vs_D1_top100	CRIP1	100
D7_vs_D1_top100	CKAP4	100
D7_vs_D1_top100	LOXL1	100
D7_vs_D1_top100	COL5A3	100
D7_vs_D1_top100	RRBP1	100
D7_vs_D1_top100	FAP	100
D7_vs_D1_top100	ACTA2	100
D7_vs_D1_top100	CCDC80	100
D7_vs_D1_top100	MAGED2	100
D7_vs_D1_top100	MAGED1	100
D7_vs_D1_top100	PPIB	100
D7_vs_D1_top100	ETFB	100
D7_vs_D1_top100	OSTC	100
D7_vs_D1_top100	BEX3	100
D7_vs_D1_top100	SPHK1	100
D7_vs_D1_top100	COL6A1	100
D7_vs_D1_top100	MXRA8	100
D7_vs_D1_top100	LOX	100
D7_vs_D1_top100	VIM	100
D7_vs_D1_top100	HDLBP	100
D7_vs_D1_top100	HSPB1	100
D7_vs_D1_top100	MYH9	100
D7_vs_D1_top100	NUCB2	100
D7_vs_D1_top100	PPDPF	100
D7_vs_D1_top100	CTSZ	100
D7_vs_D1_top100	LMAN1	100
D7_vs_D1_top100	JUN	100
D7_vs_D1_top100	KDELR1	100
D7_vs_D1_top100	TTC3	100
D7_vs_D1_top100	RPL22L1	100
D7_vs_D1_top100	KDELR2	100
D7_vs_D1_top100	MFAP2	100
D7_vs_D1_top100	PDLIM7	100
D7_vs_D1_top100	COTL1	100
D7_vs_D1_top100	TPM4	100
D7_vs_D30_top100	C11orf96	100
D7_vs_D30_top100	NFKBIA	100
D7_vs_D30_top100	IER3	100
D7_vs_D30_top100	CEBPB	100
D7_vs_D30_top100	SOD2	100
D7_vs_D30_top100	YBX1	100
D7_vs_D30_top100	MT2A	100
D7_vs_D30_top100	CXCL2	100
D7_vs_D30_top100	PLIN2	100
D7_vs_D30_top100	VIM	100
D7_vs_D30_top100	PPP1R14B	100
D7_vs_D30_top100	CEBPD	100
D7_vs_D30_top100	PNRC1	100
D7_vs_D30_top100	ATP5F1D	100
D7_vs_D30_top100	JUNB	100
D7_vs_D30_top100	BTG1	100
D7_vs_D30_top100	RAC1	100
D7_vs_D30_top100	PTMS	100
D7_vs_D30_top100	RPS2	100
D7_vs_D30_top100	BRI3	100
D7_vs_D30_top100	PRELID1	100
D7_vs_D30_top100	CXCL1	100
D7_vs_D30_top100	CXCL3	100
D7_vs_D30_top100	MZT2B	100
D7_vs_D30_top100	SRSF9	100
D7_vs_D30_top100	CXCL8	100
D7_vs_D30_top100	TNFAIP3	100
D7_vs_D30_top100	CAVIN3	100
D7_vs_D30_top100	ANGPTL4	100
D7_vs_D30_top100	SNHG7	100
D7_vs_D30_top100	CST3	100
D7_vs_D30_top100	HSPD1	100
D7_vs_D30_top100	C1QBP	100
D7_vs_D30_top100	IGFBP7	100
D7_vs_D30_top100	KRT10	100
D7_vs_D30_top100	FTH1	100
D7_vs_D30_top100	TRAPPC5	100
D7_vs_D30_top100	PFN1	100
D7_vs_D30_top100	IGFBP4	100
D7_vs_D30_top100	NENF	100
D7_vs_D30_top100	TWIST1	100
D7_vs_D30_top100	WTAP	100
D7_vs_D30_top100	YBX3	100
D7_vs_D30_top100	IL6	100
D7_vs_D30_top100	H2AZ1	100
D7_vs_D30_top100	EVA1B	100
D7_vs_D30_top100	NOP53	100
D7_vs_D30_top100	TNFAIP2	100
D7_vs_D30_top100	LMNA	100
D7_vs_D30_top100	SERP1	100
D7_vs_D30_top100	UBE2S	100
D7_vs_D30_top100	SFPQ	100
D7_vs_D30_top100	BASP1	100
D7_vs_D30_top100	RTN4	100
D7_vs_D30_top100	MAP2K2	100
D7_vs_D30_top100	CCDC85B	100
D7_vs_D30_top100	PRRX2	100
D7_vs_D30_top100	TUBA1B	100
D7_vs_D30_top100	ITM2B	100
D7_vs_D30_top100	EIF4A3	100
D7_vs_D30_top100	NFKB1	100
D7_vs_D30_top100	ACBD3	100
D7_vs_D30_top100	DNAJA1	100
D7_vs_D30_top100	MT1E	100
D7_vs_D30_top100	ANP32B	100
D7_vs_D30_top100	PIM3	100
D7_vs_D30_top100	CFD	100
D7_vs_D30_top100	SRM	100
D7_vs_D30_top100	PLPP3	100
D7_vs_D30_top100	HNRNPD	100
D7_vs_D30_top100	HSP90AB1	100
D7_vs_D30_top100	JAK1	100
D7_vs_D30_top100	MTCH1	100
D7_vs_D30_top100	HSPH1	100
D7_vs_D30_top100	GADD45GIP1	100
D7_vs_D30_top100	CKS2	100
D7_vs_D30_top100	SPHK1	100
D7_vs_D30_top100	HNRNPA1	100
D7_vs_D30_top100	KTN1	100
D7_vs_D30_top100	CTSZ	100
D7_vs_D30_top100	NFE2L2	100
D7_vs_D30_top100	SQSTM1	100
D7_vs_D30_top100	SRSF2	100
D7_vs_D30_top100	HDGF	100
D7_vs_D30_top100	PDIA3	100
D7_vs_D30_top100	CLTA	100
D7_vs_D30_top100	RANBP1	100
D7_vs_D30_top100	CAVIN1	100
D7_vs_D30_top100	TAF10	100
D7_vs_D30_top100	EMILIN1	100
D7_vs_D30_top100	TMEM165	100
D7_vs_D30_top100	GLRX5	100
D7_vs_D30_top100	PTGS2	100
D7_vs_D30_top100	PPM1G	100
D7_vs_D30_top100	LDHA	100
D7_vs_D30_top100	PKM	100
D7_vs_D30_top100	SET	100
D7_vs_D30_top100	EIF5A	100
D7_vs_D30_top100	MTDH	100
D7_vs_D30_top100	NFKBIZ	100
D7D30_vs_D0_top100	POSTN	100
D7D30_vs_D0_top100	LUM	100
D7D30_vs_D0_top100	CTHRC1	100
D7D30_vs_D0_top100	COL1A1	100
D7D30_vs_D0_top100	THY1	100
D7D30_vs_D0_top100	COL3A1	100
D7D30_vs_D0_top100	COL5A2	100
D7D30_vs_D0_top100	SPARC	100
D7D30_vs_D0_top100	TNC	100
D7D30_vs_D0_top100	PPIB	100
D7D30_vs_D0_top100	MDK	100
D7D30_vs_D0_top100	COL1A2	100
D7D30_vs_D0_top100	PRDX4	100
D7D30_vs_D0_top100	GAPDH	100
D7D30_vs_D0_top100	ADAM12	100
D7D30_vs_D0_top100	LGALS1	100
D7D30_vs_D0_top100	FN1	100
D7D30_vs_D0_top100	ASPN	100
D7D30_vs_D0_top100	NME2	100
D7D30_vs_D0_top100	S100A11	100
D7D30_vs_D0_top100	HTRA1	100
D7D30_vs_D0_top100	TPM2	100
D7D30_vs_D0_top100	SERF2	100
D7D30_vs_D0_top100	COL6A3	100
D7D30_vs_D0_top100	BGN	100
D7D30_vs_D0_top100	ARPC1B	100
D7D30_vs_D0_top100	ACTB	100
D7D30_vs_D0_top100	P4HB	100
D7D30_vs_D0_top100	FAP	100
D7D30_vs_D0_top100	OSTC	100
D7D30_vs_D0_top100	RABAC1	100
D7D30_vs_D0_top100	MIF	100
D7D30_vs_D0_top100	PCOLCE	100
D7D30_vs_D0_top100	COL5A1	100
D7D30_vs_D0_top100	TAGLN	100
D7D30_vs_D0_top100	PPP1R14B	100
D7D30_vs_D0_top100	ACTG1	100
D7D30_vs_D0_top100	TIMP1	100
D7D30_vs_D0_top100	VKORC1	100
D7D30_vs_D0_top100	RCN3	100
D7D30_vs_D0_top100	SSR4	100
D7D30_vs_D0_top100	TMSB10	100
D7D30_vs_D0_top100	OST4	100
D7D30_vs_D0_top100	MFAP5	100
D7D30_vs_D0_top100	SEC61G	100
D7D30_vs_D0_top100	SSR3	100
D7D30_vs_D0_top100	ENO1	100
D7D30_vs_D0_top100	SEC61B	100
D7D30_vs_D0_top100	TMSB4X	100
D7D30_vs_D0_top100	S100A16	100
D7D30_vs_D0_top100	GSTP1	100
D7D30_vs_D0_top100	TUBA1C	100
D7D30_vs_D0_top100	PPIC	100
D7D30_vs_D0_top100	FKBP11	100
D7D30_vs_D0_top100	CALD1	100
D7D30_vs_D0_top100	PRDX5	100
D7D30_vs_D0_top100	TGFBI	100
D7D30_vs_D0_top100	PHPT1	100
D7D30_vs_D0_top100	CD63	100
D7D30_vs_D0_top100	AP2S1	100
D7D30_vs_D0_top100	COL12A1	100
D7D30_vs_D0_top100	UQCR11	100
D7D30_vs_D0_top100	ATOX1	100
D7D30_vs_D0_top100	CALU	100
D7D30_vs_D0_top100	UQCR10	100
D7D30_vs_D0_top100	PKM	100
D7D30_vs_D0_top100	FKBP10	100
D7D30_vs_D0_top100	TMEM208	100
D7D30_vs_D0_top100	CTSB	100
D7D30_vs_D0_top100	YIF1A	100
D7D30_vs_D0_top100	RAB13	100
D7D30_vs_D0_top100	MFAP2	100
D7D30_vs_D0_top100	LSM7	100
D7D30_vs_D0_top100	CERCAM	100
D7D30_vs_D0_top100	NDUFA13	100
D7D30_vs_D0_top100	MYL9	100
D7D30_vs_D0_top100	TPM4	100
D7D30_vs_D0_top100	TUBB3	100
D7D30_vs_D0_top100	MYDGF	100
D7D30_vs_D0_top100	ATP5MC3	100
D7D30_vs_D0_top100	DYNLT1	100
D7D30_vs_D0_top100	LMAN1	100
D7D30_vs_D0_top100	MYL12A	100
D7D30_vs_D0_top100	ARPC3	100
D7D30_vs_D0_top100	MGST3	100
D7D30_vs_D0_top100	NME1	100
D7D30_vs_D0_top100	CPXM1	100
D7D30_vs_D0_top100	CD99	100
D7D30_vs_D0_top100	KDELR2	100
D7D30_vs_D0_top100	PRSS23	100
D7D30_vs_D0_top100	PGAM1	100
D7D30_vs_D0_top100	CKAP4	100
D7D30_vs_D0_top100	KDELR3	100
D7D30_vs_D0_top100	ISLR	100
D7D30_vs_D0_top100	CYTOR	100
D7D30_vs_D0_top100	SH3BGRL3	100
D7D30_vs_D0_top100	FOXP1	100
D7D30_vs_D0_top100	TMED9	100
D7D30_vs_D0_top100	AP2M1	100
D7D30_vs_D0_top100	CAPZB	100
D7_consensus_vs_D0_D1_D30_top100	PPP1R14B	100
D7_consensus_vs_D0_D1_D30_top100	C11orf96	100
D7_consensus_vs_D0_D1_D30_top100	MAP2K2	100
D7_consensus_vs_D0_D1_D30_top100	CAVIN3	100
D7_consensus_vs_D0_D1_D30_top100	BRI3	100
D7_consensus_vs_D0_D1_D30_top100	MZT2B	100
D7_consensus_vs_D0_D1_D30_top100	INHBA	100
D7_consensus_vs_D0_D1_D30_top100	SPHK1	100
D7_consensus_vs_D0_D1_D30_top100	ANGPTL4	100
D7_consensus_vs_D0_D1_D30_top100	VIM	100
D7_consensus_vs_D0_D1_D30_top100	CTSZ	100
D7_consensus_vs_D0_D1_D30_top100	COTL1	100
D7_consensus_vs_D0_D1_D30_top100	TPM2	100
D7_consensus_vs_D0_D1_D30_top100	TPM4	100
D7_consensus_vs_D0_D1_D30_top100	PTMS	100
D7_consensus_vs_D0_D1_D30_top100	CXCL8	100
D7_consensus_vs_D0_D1_D30_top100	CKS2	100
D7_consensus_vs_D0_D1_D30_top100	PLIN2	100
D7_consensus_vs_D0_D1_D30_top100	EMILIN1	100
D7_consensus_vs_D0_D1_D30_top100	MXRA8	100
D7_consensus_vs_D0_D1_D30_top100	CLEC11A	100
D7_consensus_vs_D0_D1_D30_top100	TK1	100
D7_consensus_vs_D0_D1_D30_top100	RPSA	100
D7_consensus_vs_D0_D1_D30_top100	PCLAF	100
D7_consensus_vs_D0_D1_D30_top100	RPS2	100
D7_consensus_vs_D0_D1_D30_top100	BAALC	100
D7_consensus_vs_D0_D1_D30_top100	ACBD3	100
D7_consensus_vs_D0_D1_D30_top100	DUT	100
D7_consensus_vs_D0_D1_D30_top100	MYDGF	100
D7_consensus_vs_D0_D1_D30_top100	P4HB	100
D7_consensus_vs_D0_D1_D30_top100	PTTG1	100
D7_consensus_vs_D0_D1_D30_top100	C4orf48	100
D7_consensus_vs_D0_D1_D30_top100	ACTA2	100
D7_consensus_vs_D0_D1_D30_top100	UBE2M	100
D7_consensus_vs_D0_D1_D30_top100	MXRA7	100
D7_consensus_vs_D0_D1_D30_top100	MRPS24	100
D7_consensus_vs_D0_D1_D30_top100	KDELR2	100
D7_consensus_vs_D0_D1_D30_top100	GNAI2	100
D7_consensus_vs_D0_D1_D30_top100	CYBA	100
D7_consensus_vs_D0_D1_D30_top100	MZT2A	100
D7_consensus_vs_D0_D1_D30_top100	LDHB	100
D7_consensus_vs_D0_D1_D30_top100	RCN1	100
D7_consensus_vs_D0_D1_D30_top100	C12orf75	100
D7_consensus_vs_D0_D1_D30_top100	RRAD	100
D7_consensus_vs_D0_D1_D30_top100	ACAA2	100
D7_consensus_vs_D0_D1_D30_top100	BIRC5	100
D7_consensus_vs_D0_D1_D30_top100	CENPF	100
D7_consensus_vs_D0_D1_D30_top100	MMP24OS	100
D7_consensus_vs_D0_D1_D30_top100	DDIT4	100
D7_consensus_vs_D0_D1_D30_top100	HMGN1	100
D7_consensus_vs_D0_D1_D30_top100	SMC4	100
D7_consensus_vs_D0_D1_D30_top100	OAF	100
D7_consensus_vs_D0_D1_D30_top100	AKR7A2	100
D7_consensus_vs_D0_D1_D30_top100	TXNDC5	100
D7_consensus_vs_D0_D1_D30_top100	LMO4	100
D7_consensus_vs_D0_D1_D30_top100	TOP2A	100
D7_consensus_vs_D0_D1_D30_top100	RPL4	100
D7_consensus_vs_D0_D1_D30_top100	MXD4	100
D7_consensus_vs_D0_D1_D30_top100	SRM	100
D7_consensus_vs_D0_D1_D30_top100	RPL22L1	100
D7_consensus_vs_D0_D1_D30_top100	TYMS	100
D7_consensus_vs_D0_D1_D30_top100	CALM3	100
D7_consensus_vs_D0_D1_D30_top100	YWHAH	100
D7_consensus_vs_D0_D1_D30_top100	TPX2	100
D7_consensus_vs_D0_D1_D30_top100	COX8A	100
D7_consensus_vs_D0_D1_D30_top100	MKI67	100
D7_consensus_vs_D0_D1_D30_top100	RAC1	100
D7_consensus_vs_D0_D1_D30_top100	CHASERR	100
D7_consensus_vs_D0_D1_D30_top100	LRRFIP1	100
D7_consensus_vs_D0_D1_D30_top100	MDFIC	100
D7_consensus_vs_D0_D1_D30_top100	RARRES1	100
D7_consensus_vs_D0_D1_D30_top100	COLEC12	100
D7_consensus_vs_D0_D1_D30_top100	CENPW	100
D7_consensus_vs_D0_D1_D30_top100	TLN1	100
D7_consensus_vs_D0_D1_D30_top100	COL5A3	100
D7_consensus_vs_D0_D1_D30_top100	ACTG1	100
D7_consensus_vs_D0_D1_D30_top100	TPGS1	100
D7_consensus_vs_D0_D1_D30_top100	PGP	100
D7_consensus_vs_D0_D1_D30_top100	EIF3F	100
D7_consensus_vs_D0_D1_D30_top100	PDIA3	100
D7_consensus_vs_D0_D1_D30_top100	RPS3	100
D7_consensus_vs_D0_D1_D30_top100	BASP1	100
D7_consensus_vs_D0_D1_D30_top100	RABL6	100
D7_consensus_vs_D0_D1_D30_top100	RPL27A	100
D7_consensus_vs_D0_D1_D30_top100	FAM89B	100
D7_consensus_vs_D0_D1_D30_top100	EEF1G	100
D7_consensus_vs_D0_D1_D30_top100	TMEM160	100
D7_consensus_vs_D0_D1_D30_top100	PTP4A2	100
D7_consensus_vs_D0_D1_D30_top100	DNAJC21	100
D7_consensus_vs_D0_D1_D30_top100	ATP5F1A	100
D7_consensus_vs_D0_D1_D30_top100	CYTOR	100
D7_consensus_vs_D0_D1_D30_top100	GAPDH	100
D7_consensus_vs_D0_D1_D30_top100	METRN	100
D7_consensus_vs_D0_D1_D30_top100	UBE2C	100
D7_consensus_vs_D0_D1_D30_top100	TUBB2B	100
D7_consensus_vs_D0_D1_D30_top100	CCNB1	100
D7_consensus_vs_D0_D1_D30_top100	GLIPR1	100
D7_consensus_vs_D0_D1_D30_top100	RHOBTB3	100
D7_consensus_vs_D0_D1_D30_top100	PDIA4	100
D7_consensus_vs_D0_D1_D30_top100	PDCD7	100
