query	query_gene_n	library	rank	term	p_value	z_score	combined_score	overlap_genes	adjusted_p_value
SRRS_all_modules	135	Ligand_Perturbations_from_GEO_up	9	TGF-beta human HMEC-TR mammary epithelial cell line GDS4071 ligand:245	3.487999367938642e-28	21.962442163100057	1388.5326729770031	SDC4;ARPC1B;GSTP1;SERPINE1;TNC;PTGS2;THBS1;MYL12A;LGALS1;GNG5;BASP1;S100A16;TMSB4X;SH3BGRL3;SEC61B;TIMP1;RABAC1;S100A11;CTSB;TNFRSF12A;GSTO1;FN1;PDIA6;COL1A1;IL6;OSTC;RAB13;TGFBI;ITGA5;CALR;PFN1	1.0037687069956759e-26
SRRS_all_modules	135	Gene_Perturbations_from_GEO_up	39	TNF Stimulation of gene product human GSE2638 sample 3111	2.179548568064621e-25	17.37743972445465	986.7867693991285	CXCL8;SDC4;SERPINE1;TNC;PLOD2;HIF1A;PRDX4;BASP1;PDPN;CFL1;COTL1;AP2S1;SH3BGRL3;ITGAV;TIMP1;RAC1;S100A11;EIF5A;CCL20;GSTO1;SPHK1;CKAP4;NME1;PKM;BAMBI;RAB13;TGFBI;ITGA5;CALR;P4HB;CD47	1.302140554766812e-23
SRRS_all_modules	135	Ligand_Perturbations_from_GEO_up	15	fibroblast growth factor 2 (FGF2) human embryonic fibroblast GDS2422 ligand:9	1.428840097677694e-21	15.874188311688311	761.920146389113	ITGB1;TAGLN;SERPINE1;ENO1;THY1;YBX1;ACTB;MYL12A;ACTG1;SRM;TUBA1B;TUBB3;C1QBP;TMSB4X;COTL1;SH3BGRL3;TIMP1;RAC1;EIF5A;IL11;MAP2K2;TPM4;TNFRSF12A;GSTO1;MIF;PLIN2;PFN1	2.467130568656818e-20
SRRS_all_modules	135	Ligand_Perturbations_from_GEO_up	28	TGF-beta1 mouse renal mesangial MES-13 cells GDS1892 ligand:15	2.1198045563724718e-16	13.050248514971512	470.9839595145499	EIF5A;TAGLN;TPM4;TNFRSF12A;GSTO1;SERPINE1;FN1;NME2;THBS1;ACTB;MYL12A;WISP1;ACTG1;NME1;SRM;EEF1B2;LGALS1;BASP1;TMSB4X;CFL1;PLIN2;TMSB10	1.9608192146445364e-15
SRRS_all_modules	135	Ligand_Perturbations_from_GEO_up	35	transforming growth factor-beta human fibroblasts GDS4574 ligand:18	4.5817007361572575e-14	10.546997993517518	323.9417729071543	PDGFRB;IL11;TAGLN;TNFRSF12A;TNFAIP6;SPHK1;SERPINE1;FN1;YBX1;PTGS2;HIF1A;NME1;COL1A1;IL6;FAP;BASP1;COL5A2;COL6A3;TGFBI;ITGA5;TIMP1	3.390458544756371e-13
SRRS_all_modules	135	Ligand_Perturbations_from_GEO_down	13	transforming growth factor-beta human fibroblasts GDS4574 ligand:18	3.6988648392317415e-14	13.737762237762238	424.8837817475168	LUM;ENO1;ACTB;MYL12A;ACTG1;EEF1B2;TGFBR3;TUBA1B;LGALS1;PKM;TUBB3;TMSB4X;CFL1;RAB13;SH3BGRL3;PPIB;TMSB10;GAPDH	6.970937581629051e-13
SRRS_all_modules	135	Ligand_Perturbations_from_GEO_up	46	Interleukin-1 beta mouse embryonic fibroblasts GDS2641 ligand:58	1.0577587780514369e-11	11.478260869565217	290.08186523384785	IL11;FLT1;SDC4;TNFAIP6;CCL20;MMP3;TNC;PTGS2;HIF1A;THBS1;MMP10;EEF1B2;IL6;PDPN;TIMP1;CD47	5.955641815550481e-11
SRRS_all_modules	135	Ligand_Perturbations_from_GEO_up	54	TGF-beta human prostate fibroblasts GSE68164 ligand:240	1.3522499517012522e-10	10.532188841201716	239.33431332361408	IL11;TAGLN;POSTN;TNFAIP6;SERPINE1;TNC;FN1;PLOD2;RCN3;IL6;TUBB3;COL6A3;SH3BGRL3;PPIB;CTHRC1	6.485791435011562e-10
SRRS_all_modules	135	Ligand_Perturbations_from_GEO_up	63	Interleukin-1 beta mouse embryonic fibroblasts GDS2641 ligand:57	1.643268731476476e-09	10.748633879781421	217.40808639765658	SDC4;CCL20;SSR3;FN1;PTGS2;HIF1A;THBS1;ACTB;COL1A1;EEF1B2;LGALS1;CALR;TIMP1	6.755660340514401e-09
SRRS_all_modules	135	Ligand_Perturbations_from_GEO_down	44	Interleukin-1 beta mouse embryonic fibroblasts from IRAK-4 kinase deficient mutants GDS2641 ligand:60	1.4932805415839398e-09	9.664849657112713	196.41188170795513	LRP1;TPM2;PGAM1;THBS1;CKAP4;COL1A1;EEF1B2;LGALS1;SH3BGRL3;SEC61B;P4HB;TMSB10;GAPDH;AP2M1	8.314857561092392e-09
SRRS_all_modules	135	Ligand_Perturbations_from_GEO_down	50	Interleukin-1 beta mouse embryonic fibroblasts from IRAK-4 kinase deficient mutants GDS2641 ligand:59	7.156911971267702e-09	7.732990506329114	145.03368485537453	TAGLN;TPM4;LRP1;TNFAIP6;BRI3;TPM2;THBS1;CKAP4;ACVR2A;NME1;EEF1B2;TUBA1B;COL5A2;SEC61B;S100A11	3.506886865921174e-08
SRRS_all_modules	135	LINCS_L1000_Ligand_Perturbations_up	1	TNFA-MDAMB231	5.357963102911664e-10	13.64746583636049	291.33609769898237	IL6;SDC4;TNFAIP6;CCL20;SERPINE1;FN1;INHBA;CD47;IL6ST;PTGS2;MMP10;CTSB	5.036485316736964e-08
SRRS_all_modules	135	Ligand_Perturbations_from_GEO_up	85	TGF-beta human A549 epithelial cells GDS3710 ligand:254	1.670413241689124e-07	7.0933143749303	110.69134535198002	IL11;TAGLN;TNFRSF12A;TNFAIP6;LUM;SPHK1;SERPINE1;FN1;INHBA;THBS1;MMP10;COL1A1;ITGA5	5.030663134854455e-07
SRRS_all_modules	135	Ligand_Perturbations_from_GEO_down	68	Interleukin-1 beta mouse embryonic fibroblasts GDS2641 ligand:57	4.356780690446381e-07	5.964799510254056	87.36261431663486	IL11;TPM4;TNFAIP6;TPM2;SERPINE1;NME2;CKAP4;WISP1;TUBA1B;PRDX4;C1QBP;COL5A2;TGFBI;P4HB	1.5697224546461226e-06
SRRS_all_modules	135	Ligand_Perturbations_from_GEO_up	91	TGF-beta human A549 epithelial cells GDS3710 ligand:253	8.381800723222603e-07	6.702610183996577	93.7831420502232	COL1A1;IL11;TAGLN;TNFRSF12A;TNFAIP6;SPHK1;SERPINE1;SH3BGRL3;INHBA;ITGA5;THBS1;MMP10	2.38558943660951e-06
SRRS_all_modules	135	Ligand_Perturbations_from_GEO_up	94	TGF-beta mouse embryonic fibroblasts GDS4898 ligand:244	1.4923371954733233e-06	9.263627819548873	124.27311496052803	TAGLN;IL6;FAP;SPHK1;MMP3;COL10A1;PLIN2;PTGS2;MMP10	4.094507666921611e-06
SRRS_all_modules	135	Ligand_Perturbations_from_GEO_up	95	TGF-beta human Panc-1 cells GDS4106 ligand:16	1.5018464415349538e-06	6.319819092230658	84.74128659487941	COL1A1;IL11;TAGLN;TPM4;TNFRSF12A;SPHK1;COL5A2;SERPINE1;TGFBI;THBS1;S100A11;SRM	4.094507666921611e-06
SRRS_all_modules	135	Ligand_Perturbations_from_GEO_down	74	fibroblast growth factor 2 (FGF2) human embryonic fibroblast GDS2422 ligand:9	1.8866226653141332e-06	6.8491554483108965	90.2768157959197	LGALS1;TPI1;BASP1;SEC61G;GSTP1;PDPN;UQCR10;TMSB10;GAPDH;ATOX1;NME1	6.246250716242739e-06
SRRS_all_modules	135	Ligand_Perturbations_from_GEO_up	99	TGF-beta human A549 epithelial cells GDS3710 ligand:252	2.514772527557964e-06	5.996932044792146	77.32041307540014	COL1A1;IL11;TAGLN;TNFRSF12A;SDC4;TNFAIP6;SPHK1;SERPINE1;ITGAV;INHBA;THBS1;MMP10	6.579051359974876e-06
SRRS_all_modules	135	Ligand_Perturbations_from_GEO_down	85	Interleukin-1 beta mouse embryonic fibroblasts GDS2641 ligand:58	5.162782573000706e-06	5.569248324062188	67.80022327167617	PDGFRB;TUBA1B;PRDX4;PKM;TPM4;TPM2;WNT5A;COL5A2;P4HB;TMSB10;ACVR2A;SERF2	1.488096153394321e-05
SRRS_all_modules	135	Diabetes_Perturbations_GEO_2022	11	GSE143482 TGF-B1 Hs EsophagusFibroblasts Dn	6.587088683149029e-07	7.674364075600398	109.22910246446914	IL11;TAGLN;IL6;TNFRSF12A;TNFAIP6;SERPINE1;TNC;COL10A1;INHBA;PTGS2;MMP10	2.1541484461320035e-05
SRRS_all_modules	135	LINCS_L1000_Ligand_Perturbations_up	12	TNFA-MCF10A	7.836712677270348e-06	8.811749595130395	103.59701815418674	EIF5A;IL6;SDC4;TNFAIP6;CCL20;CD47;IL6ST;THBS1	6.138758263861773e-05
SRRS_all_modules	135	Ligand_Perturbations_from_GEO_down	94	TGF-beta1 mouse renal mesangial MES-13 cells GDS1892 ligand:15	2.498963870600131e-05	5.677971014492754	60.16973859855462	COX8A;TGFBR3;VKORC1;OST4;TUBA1B;TPI1;SEC61G;GSTP1;UQCR10;GAPDH	6.513256896776937e-05
SRRS_all_modules	135	LINCS_L1000_Ligand_Perturbations_up	13	TNFA-SKBR3	9.518988346444328e-06	8.566929133858268	99.05273634062944	IL6;SDC4;CCL20;FN1;ITGAV;CD47;THBS1;CKAP4	6.882960804352052e-05
SRRS_all_modules	135	LINCS_L1000_Ligand_Perturbations_up	19	TNFA-HS578T	1.5790527193294644e-05	7.9584090450232186	87.98896896810483	IL6;SDC4;TNFAIP6;BAMBI;CCL20;INHBA;CD47;THBS1	7.812155558787877e-05
SRRS_all_modules	135	LINCS_L1000_Ligand_Perturbations_up	24	TNFA-BT20	7.834527669924682e-05	7.4375	70.31698751234448	IL6;TNFAIP6;CCL20;FN1;INHBA;CD47;THBS1	0.0003068523337387167
SRRS_all_modules	135	LINCS_L1000_Ligand_Perturbations_up	26	IL6-MCF7	9.599949644445045e-05	7.187760416666666	66.49517636862338	COL1A1;TNFAIP6;WNT5A;MMP3;ADAM12;TGFBI;IL6R	0.0003470751025299362
SRRS_all_modules	135	LINCS_L1000_Ligand_Perturbations_up	37	TNFA-MCF7	0.0007422659371053489	5.992400060799514	43.18005417475227	SDC4;TNFAIP6;CCL20;ITGAV;CD47;CTSB	0.001802391958239897
SRRS_all_modules	135	LINCS_L1000_Ligand_Perturbations_down	29	TNFA-MCF10A	0.02671067499913985	3.6907226150892147	13.370351220959218	LDHB;GSTP1;COL6A3;VDAC1	0.0853002541404969
SRRS_all_modules	135	LINCS_L1000_Ligand_Perturbations_down	45	TNFA-SKBR3	0.09290136193165487	2.871357808857809	6.822969161193041	COL3A1;COL5A2;AP2M1	0.18984191351251214
SRRS_all_modules	135	LINCS_L1000_Ligand_Perturbations_down	59	IL6-MCF7	0.2788609064488088	1.9502374356944994	2.490535436497789	POSTN;CALR	0.4429603458334776
SRRS_all_modules	135	LINCS_L1000_Ligand_Perturbations_up	93	IL6-SKBR3	0.624241464515191	1.0292245068364472	0.48498913743676897	TGFBI	0.6309537383271823
SRRS_all_modules	135	LINCS_L1000_Ligand_Perturbations_down	71	TNFA-HS578T	0.624241464515191	1.0292245068364472	0.48498913743676897	TPM4	0.6896203330599691
SRRS_all_modules	135	LINCS_L1000_Ligand_Perturbations_down	77	IL6-SKBR3	0.6537856012152544	0.9489648531535869	0.4032871053842955	ITGA8	0.6896203330599691
SRRS_all_modules	135	LINCS_L1000_Ligand_Perturbations_down	84	TNFA-MCF7	0.6676809985540739	0.9133215908037452	0.3689314768116568	MMP3	0.6896203330599691
SRRS_all_modules	135	LINCS_L1000_Ligand_Perturbations_down	88	TNFA-MDAMB231	0.6744196578340077	0.8964779759737896	0.35312511682488573	LUM	0.6896203330599691
SRRS_all_modules	135	LINCS_L1000_Ligand_Perturbations_down	91	TNFA-BT20	0.6788365660467197	0.8855871246178745	0.3430542047224987	EIF5A	0.6896203330599691
SRRS_d7_wound_alignment	100	Ligand_Perturbations_from_GEO_up	13	TGF-beta human HMEC-TR mammary epithelial cell line GDS4071 ligand:245	6.3507022287474685e-24	24.05392156862745	1284.8035825656432	ARPC1B;GSTP1;TNC;MYL12A;LGALS1;GNG5;BASP1;S100A16;TMSB4X;SH3BGRL3;SEC61B;TIMP1;RABAC1;S100A11;CTSB;TNFRSF12A;GSTO1;FN1;PDIA6;COL1A1;OSTC;RAB13;TGFBI;CALR;PFN1	1.2261740457043187e-22
SRRS_d7_wound_alignment	100	Ligand_Perturbations_from_GEO_up	17	fibroblast growth factor 2 (FGF2) human embryonic fibroblast GDS2422 ligand:9	2.629098722134753e-21	19.890675241157556	942.5722741770307	EIF5A;TAGLN;MAP2K2;TPM4;TNFRSF12A;GSTO1;MIF;ENO1;THY1;YBX1;ACTB;MYL12A;ACTG1;SRM;TUBA1B;TUBB3;C1QBP;TMSB4X;COTL1;SH3BGRL3;PLIN2;TIMP1;RAC1;PFN1	3.881786936798959e-20
SRRS_d7_wound_alignment	100	Gene_Perturbations_from_GEO_up	96	JAK2 knockdown human GSE54645 sample 2067	3.121806651151137e-21	21.47476333190619	1013.9497425036341	EIF5A;TPI1;GSTO1;PGAM1;UQCR10;MIF;ENO1;ACTB;PSMA7;ACTG1;SRM;LSM7;TUBA1B;LGALS1;TUBB3;SEC61G;AP2S1;SH3BGRL3;SEC61B;TIMP1;RAC1;GAPDH;AP2M1	7.02567414377622e-20
SRRS_d7_wound_alignment	100	Gene_Perturbations_from_GEO_down	100	Tgfbr1 activemutant mouse GSE14523 sample 2023	2.922913697750332e-17	19.461217898629993	740.9151420377227	PRELID1;TAGLN;POSTN;TPI1;TPM4;GSTO1;TPM2;TNC;THY1;TUBA1B;LGALS1;PKM;TMSB4X;CFL1;COL6A3;PFN1;TMSB10;GAPDH;S100A11	6.138118765275697e-16
SRRS_d7_wound_alignment	100	Ligand_Perturbations_from_GEO_up	32	TGF-beta1 mouse renal mesangial MES-13 cells GDS1892 ligand:15	1.2848591197414129e-15	15.588826114249843	534.5116545282267	EIF5A;TAGLN;TPM4;TNFRSF12A;GSTO1;FN1;NME2;ACTB;MYL12A;ACTG1;NME1;SRM;EEF1B2;LGALS1;BASP1;TMSB4X;CFL1;PLIN2;TMSB10	1.0078113720471707e-14
SRRS_d7_wound_alignment	100	Ligand_Perturbations_from_GEO_down	13	transforming growth factor-beta human fibroblasts GDS4574 ligand:18	2.999435523842708e-15	18.238183503243743	609.8912813443736	LUM;ENO1;ACTB;MYL12A;ACTG1;EEF1B2;TUBA1B;LGALS1;PKM;TUBB3;TMSB4X;CFL1;RAB13;SH3BGRL3;PPIB;TMSB10;GAPDH	5.2144032952957844e-14
SRRS_d7_wound_alignment	100	Ligand_Perturbations_from_GEO_down	52	Interleukin-1 beta mouse embryonic fibroblasts from IRAK-4 kinase deficient mutants GDS2641 ligand:60	4.24260866563254e-09	11.313578826237054	218.10416261328965	COL1A1;EEF1B2;LGALS1;TPM2;PGAM1;SH3BGRL3;SEC61B;P4HB;TMSB10;GAPDH;CKAP4;AP2M1	1.84390299698645e-08
SRRS_d7_wound_alignment	100	Ligand_Perturbations_from_GEO_up	69	transforming growth factor-beta human fibroblasts GDS4574 ligand:18	3.105911630400737e-08	8.370813160754865	144.70937336497715	TAGLN;TNFRSF12A;SPHK1;FN1;YBX1;NME1;COL1A1;FAP;BASP1;COL5A2;COL6A3;TGFBI;TIMP1	1.1298316220733116e-07
SRRS_d7_wound_alignment	100	Ligand_Perturbations_from_GEO_up	89	TGF-beta human prostate fibroblasts GSE68164 ligand:240	4.6689162935283507e-07	9.179271708683473	133.80779190343617	RCN3;TAGLN;POSTN;TUBB3;TNC;FN1;COL6A3;SH3BGRL3;PPIB;CTHRC1	1.316739314242265e-06
SRRS_d7_wound_alignment	100	Ligand_Perturbations_from_GEO_down	75	Interleukin-1 beta mouse embryonic fibroblasts from IRAK-4 kinase deficient mutants GDS2641 ligand:59	8.248493933671579e-07	7.5625	105.9359917195807	EEF1B2;TAGLN;TUBA1B;TPM4;BRI3;TPM2;COL5A2;SEC61B;S100A11;CKAP4;NME1	2.4855461720130358e-06
SRRS_d7_wound_alignment	100	Ligand_Perturbations_from_GEO_down	77	fibroblast growth factor 2 (FGF2) human embryonic fibroblast GDS2422 ligand:9	8.550714204308335e-07	8.5599128540305	119.5997943698599	LGALS1;TPI1;BASP1;SEC61G;GSTP1;UQCR10;TMSB10;GAPDH;ATOX1;NME1	2.5096901430827062e-06
SRRS_d7_wound_alignment	100	Ligand_Perturbations_from_GEO_down	93	TGF-beta1 mouse renal mesangial MES-13 cells GDS1892 ligand:15	1.3455803232066281e-05	7.006268100130916	78.58300418369083	COX8A;VKORC1;OST4;TUBA1B;TPI1;SEC61G;GSTP1;UQCR10;GAPDH	3.269904871448365e-05
SRRS_d7_wound_alignment	100	LINCS_L1000_Chem_Pert_up	74	CPC006 HA1E 24H-15-deoxy-?12,14-prostaglandin j2-10.0	1.7692338367247179e-06	10.9349210744946	144.8326355994243	COL1A1;MAP2K2;TPI1;GNG5;AP2S1;GAPDH;ACTG1;CTSB	0.0004136420893131668
SRRS_d7_wound_alignment	100	LINCS_L1000_Ligand_Perturbations_down	16	TNFA-MCF10A	0.009885486352895744	5.045245398773006	23.292321984827154	LDHB;GSTP1;COL6A3;VDAC1	0.05375233204387061
SRRS_d7_wound_alignment	100	LINCS_L1000_Ligand_Perturbations_up	39	TNFA-MDAMB231	0.041455697866359095	4.072164948453608	12.962230181254323	FN1;INHBA;CTSB	0.08755989782874883
SRRS_d7_wound_alignment	100	LINCS_L1000_Ligand_Perturbations_up	42	IL6-MCF7	0.04418858857519868	3.965591109921007	12.369823539042448	COL1A1;ADAM12;TGFBI	0.08755989782874883
SRRS_d7_wound_alignment	100	LINCS_L1000_Ligand_Perturbations_down	25	TNFA-SKBR3	0.04558807932610038	3.9143536875495637	12.087950910125885	COL3A1;COL5A2;AP2M1	0.14385284815117175
SRRS_d7_wound_alignment	100	Diabetes_Perturbations_GEO_2022	47	GSE143482 TGF-B1 Hs EsophagusFibroblasts Dn	0.0316007668326221	3.5017806267806266	12.09715992818746	TAGLN;TNFRSF12A;TNC;INHBA	0.18422574706677564
SRRS_d7_wound_alignment	100	LINCS_L1000_Ligand_Perturbations_up	56	TNFA-BT20	0.1763559296827952	2.687074829931973	4.662749281288076	FN1;INHBA	0.24401769136240498
SRRS_d7_wound_alignment	100	LINCS_L1000_Ligand_Perturbations_up	57	TNFA-SKBR3	0.17814268838725866	2.6691444789836463	4.604729127640162	FN1;CKAP4	0.24401769136240498
SRRS_d7_wound_alignment	100	LINCS_L1000_Ligand_Perturbations_down	41	IL6-MCF7	0.17993232146379678	2.651450053705693	4.547699495381422	POSTN;CALR	0.32497147160278705
SRRS_d7_wound_alignment	100	LINCS_L1000_Ligand_Perturbations_up	74	IL6-SKBR3	0.515386675547343	1.3955640319276683	0.9250326397711035	TGFBI	0.5627949143568768
SRRS_d7_wound_alignment	100	LINCS_L1000_Ligand_Perturbations_up	80	TNFA-MCF10A	0.5274687471502818	1.348075348075348	0.8623175106205572	EIF5A	0.5627949143568768
SRRS_d7_wound_alignment	100	LINCS_L1000_Ligand_Perturbations_up	84	TNFA-MCF7	0.5507453245925318	1.2621148190768443	0.7528297591179895	CTSB	0.5704148004708366
SRRS_d7_wound_alignment	100	LINCS_L1000_Ligand_Perturbations_up	85	TNFA-HS578T	0.5619542370450903	1.223089793641941	0.7049092863917995	INHBA	0.5751572204414868
SRRS_d7_wound_alignment	100	LINCS_L1000_Ligand_Perturbations_down	57	TNFA-HS578T	0.515386675547343	1.3955640319276683	0.9250326397711035	TPM4	0.5860515192854991
SRRS_d7_wound_alignment	100	LINCS_L1000_Ligand_Perturbations_down	77	TNFA-MDAMB231	0.5641625680272377	1.215570337521557	0.6958080543325024	LUM	0.5860515192854991
SRRS_d7_wound_alignment	100	LINCS_L1000_Ligand_Perturbations_down	82	TNFA-BT20	0.5685462179076766	1.2008032128514057	0.6780607576727649	EIF5A	0.5860515192854991
SRRS_repair_ligand_receiver_core	39	Ligand_Perturbations_from_GEO_up	1	Interleukin-1 beta mouse embryonic fibroblasts GDS2641 ligand:58	1.4352271675051487e-17	47.62172413793103	1846.8953947732432	IL11;FLT1;TNFAIP6;SDC4;CCL20;MMP3;TNC;PTGS2;THBS1;HIF1A;MMP10;IL6;PDPN;CD47	2.7556361616098855e-15
SRRS_repair_ligand_receiver_core	39	LINCS_L1000_Ligand_Perturbations_up	3	TNFA-MDAMB231	2.6796339165839465e-13	47.78876296117675	1383.3855748839842	IL6;TNFAIP6;SDC4;CCL20;SERPINE1;INHBA;CD47;IL6ST;PTGS2;MMP10	7.50297496643505e-12
SRRS_repair_ligand_receiver_core	39	Gene_Perturbations_from_GEO_up	2	Tnf siTNF-OMe mouse GSE31906 sample 1113	3.7627476340844323e-13	25.09102564102564	717.8155222318924	IL11;TNFAIP6;MMP3;TNC;PLOD2;PTGS2;THBS1;MMP10;TGFBR3;PDPN;ITGA5;IL6ST;ENG	2.54185377780944e-10
SRRS_repair_ligand_receiver_core	39	Gene_Perturbations_from_GEO_up	6	PTGS2 INHIBITION human GSE11237 sample 1037	8.61508114999416e-12	26.647906403940887	678.9222173150526	IL11;IL6;TNFAIP6;SDC4;BAMBI;MMP3;WNT5A;SERPINE1;PDPN;ITGA5;PTGS2	2.267202189306797e-09
SRRS_repair_ligand_receiver_core	39	Diabetes_Perturbations_GEO_2022	2	GSE143482 TGF-B1 Hs EsophagusFibroblasts Dn	2.2140197522854055e-11	29.84422262552934	732.187004128351	IL11;IL6;TNFRSF12A;TNFAIP6;SERPINE1;TNC;COL10A1;INHBA;PTGS2;MMP10	2.701104097788195e-09
SRRS_repair_ligand_receiver_core	39	Gene_Perturbations_from_GEO_up	9	TNF Stimulation of gene product human GSE2638 sample 3111	7.03127931555396e-11	21.696780684104628	507.2288002026349	SDC4;CCL20;BAMBI;SERPINE1;PDPN;TNC;PLOD2;ITGAV;ITGA5;CD47;HIF1A	1.233598893251078e-08
SRRS_repair_ligand_receiver_core	39	Gene_Perturbations_from_GEO_up	11	Tnf siTNF-OMeP mouse GSE31906 sample 1115	1.04929820600642e-10	20.858691444057296	479.2853668984366	TGFBR3;TNFRSF12A;TNFAIP6;MMP3;PDPN;PLOD2;ITGA5;IL6ST;PTGS2;THBS1;MMP10	1.3910461485007082e-08
SRRS_repair_ligand_receiver_core	39	LINCS_L1000_Ligand_Perturbations_up	5	TNFA-HS578T	8.533355141566623e-10	32.76261373035567	684.1445854569762	IL6;TNFAIP6;SDC4;CCL20;BAMBI;INHBA;CD47;THBS1	1.4336036637831928e-08
SRRS_repair_ligand_receiver_core	39	Gene_Perturbations_from_GEO_down	8	STAT3 KD human GSE42979 sample 2148	3.2482422375657473e-10	22.37168544440651	488.77069826765813	TNFRSF12A;TNFAIP6;SDC4;BAMBI;SERPINE1;TNC;PLOD2;ITGAV;ITGA5;THBS1	5.110847353211741e-08
SRRS_repair_ligand_receiver_core	39	Gene_Perturbations_from_GEO_down	9	IL6 anti-IL6 monoclonal antibody, neutralization human GSE62941 sample 1557	3.4558697354549715e-10	22.22272470322216	484.13931964992685	PDGFRB;IL6;TNFRSF12A;CCL20;MMP3;SERPINE1;PLOD2;ITGA5;PTGS2;MMP10	5.110847353211741e-08
SRRS_repair_ligand_receiver_core	39	Gene_Perturbations_from_GEO_up	20	TNF Stimulation of gene product human GSE2639 sample 3112	7.958115925028674e-10	25.18212765957447	527.6073428276964	SDC4;CCL20;SERPINE1;ITGAV;INHBA;CD47;IL6ST;PTGS2;MMP10	6.282932522810138e-08
SRRS_repair_ligand_receiver_core	39	LINCS_L1000_Ligand_Perturbations_up	6	TNFA-MCF10A	1.3924604592617622e-08	30.531029929577464	552.2943769108987	IL6;TNFAIP6;SDC4;CCL20;CD47;IL6ST;THBS1	1.949444642966467e-07
SRRS_repair_ligand_receiver_core	39	Ligand_Perturbations_from_GEO_up	6	TGF-beta human A549 epithelial cells GDS3710 ligand:252	1.1144803274246061e-08	18.35514018691589	336.12469638044473	IL11;TNFRSF12A;TNFAIP6;SDC4;SERPINE1;ITGAV;INHBA;THBS1;MMP10	3.5663370477587395e-07
SRRS_repair_ligand_receiver_core	39	Ligand_Perturbations_from_GEO_up	7	TGF-beta1 human IOSE - immortalized ovarian surface epithelial cell line GDS2975 ligand:256	1.8533404423836964e-08	17.26099706744868	307.3094596691685	IL11;IL6;TNFAIP6;WNT5A;ADAM12;ITGAV;INHBA;PTGS2;THBS1	5.083448070538139e-07
SRRS_repair_ligand_receiver_core	39	Ligand_Perturbations_from_GEO_up	8	transforming growth factor-beta human fibroblasts GDS4574 ligand:18	2.4780302292997416e-08	16.66402266288952	291.8406410178668	PDGFRB;IL11;IL6;TNFRSF12A;TNFAIP6;SERPINE1;ITGA5;PTGS2;HIF1A	5.94727255031938e-07
SRRS_repair_ligand_receiver_core	39	Ligand_Perturbations_from_GEO_up	9	TGF-beta human A549 epithelial cells GDS3710 ligand:251	3.6758781038721726e-08	15.884594594594594	271.9266069094861	ACVR1;IL11;TNFRSF12A;SDC4;SERPINE1;PLOD2;ITGAV;THBS1;MMP10	7.841873288260634e-07
SRRS_repair_ligand_receiver_core	39	Gene_Perturbations_from_GEO_up	34	TNF OE human GSE2639 sample 1801	2.4196624911911946e-08	20.94039559272534	367.2328206488274	SDC4;CCL20;SERPINE1;ITGAV;INHBA;CD47;PTGS2;MMP10	1.123719727526734e-06
SRRS_repair_ligand_receiver_core	39	Ligand_Perturbations_from_GEO_up	11	TGF-beta human A549 epithelial cells GDS3710 ligand:253	8.878023144040015e-08	17.566246232838488	285.22492886479967	IL11;TNFRSF12A;TNFAIP6;SERPINE1;ITGA5;INHBA;THBS1;MMP10	1.4204837030464024e-06
SRRS_repair_ligand_receiver_core	39	Ligand_Perturbations_from_GEO_up	12	TGF-beta human HMEC-TR mammary epithelial cell line GDS4071 ligand:245	8.878023144040015e-08	17.566246232838488	285.22492886479967	IL6;TNFRSF12A;SDC4;SERPINE1;TNC;ITGA5;PTGS2;THBS1	1.4204837030464024e-06
SRRS_repair_ligand_receiver_core	39	Ligand_Perturbations_from_GEO_up	13	TGF-beta human A549 epithelial cells GDS3710 ligand:254	1.1446999159129371e-07	16.970115438558636	271.2325596732118	IL11;TNFRSF12A;TNFAIP6;SERPINE1;ITGA5;INHBA;THBS1;MMP10	1.6906337219637227e-06
SRRS_repair_ligand_receiver_core	39	Ligand_Perturbations_from_GEO_up	14	interleukin-1&Icirc;&sup2; human fibroblast GDS4539 ligand:208	1.4448858502115663e-07	13.434633027522937	211.59634785338704	IL11;IL6;TNFAIP6;CCL20;BAMBI;MMP3;PDPN;TNC;PTGS2	1.981557737433005e-06
SRRS_repair_ligand_receiver_core	39	LINCS_L1000_Ligand_Perturbations_up	8	TNFA-BT20	4.629023247456014e-07	24.676214196762142	359.9210854656413	IL6;TNFAIP6;CCL20;INHBA;CD47;THBS1	3.2852990928975714e-06
SRRS_repair_ligand_receiver_core	39	LINCS_L1000_Ligand_Perturbations_up	9	TNFA-SKBR3	4.811136123251903e-07	24.507111935683366	356.50893714787105	IL6;SDC4;CCL20;ITGAV;CD47;THBS1	3.2852990928975714e-06
SRRS_repair_ligand_receiver_core	39	Ligand_Perturbations_from_GEO_up	16	TGF-beta human A549 epithelial cells GDS3710 ligand:250	7.05491786316618e-07	13.226819793953725	187.3495788505183	ACVR1;IL11;TNFRSF12A;SDC4;SERPINE1;PLOD2;THBS1;MMP10	8.465901435799416e-06
SRRS_repair_ligand_receiver_core	39	Gene_Perturbations_from_GEO_up	48	Tnf siTNF mouse GSE31906 sample 1111	3.466195736432388e-07	14.58696662638282	216.98168269664828	TGFBR3;TNFAIP6;MMP3;PDPN;TNC;PLOD2;ITGA5;THBS1	1.1402339724639044e-05
SRRS_repair_ligand_receiver_core	39	LINCS_L1000_Ligand_Perturbations_up	21	IL6-MCF7	1.2978641955747475e-05	19.165054179566564	215.64912762677807	TNFAIP6;MMP3;WNT5A;ADAM12;IL6R	4.9554814740126724e-05
SRRS_repair_ligand_receiver_core	39	LINCS_L1000_Ligand_Perturbations_up	23	TNFA-MCF7	1.3798749207177494e-05	18.914247517188695	211.66806927829904	TNFAIP6;SDC4;CCL20;ITGAV;CD47	5.0395431887083016e-05
SRRS_repair_ligand_receiver_core	39	Ligand_Perturbations_from_GEO_up	22	TGF-beta human prostate fibroblasts GSE68164 ligand:240	7.923170436401275e-06	14.815176558978212	174.01490264331213	IL11;IL6;TNFAIP6;SERPINE1;TNC;PLOD2	6.767801657573463e-05
SRRS_repair_ligand_receiver_core	39	Gene_Perturbations_from_GEO_up	66	Tgfbr1 activemutant mouse GSE14523 sample 2023	4.0139341286861474e-06	12.738130563798219	158.2806821430154	IL11;TNFRSF12A;TNFAIP6;CCL20;INHBA;PTGS2;THBS1	9.603033316962768e-05
SRRS_repair_ligand_receiver_core	39	Ligand_Perturbations_from_GEO_up	24	TGF-beta mouse embryonic fibroblasts GDS4898 ligand:244	1.4658775354410441e-05	18.669871794871796	207.80447408303743	IL6;MMP3;COL10A1;PTGS2;MMP10	0.00011727020283528353
SRRS_repair_ligand_receiver_core	39	Ligand_Perturbations_from_GEO_up	25	TGF-beta1 human IOSE - immortalized ovarian surface epithelial cell line GDS2975 ligand:255	1.7681999717739116e-05	10.055294117647058	110.03471551513763	IL11;IL6;TNFAIP6;TNC;ITGAV;INHBA;PTGS2	0.0001357977578322364
SRRS_repair_ligand_receiver_core	39	Gene_Perturbations_from_GEO_down	46	IL6 anti-IL6 monoclonal antibody, neutralization human GSE62941 sample 1556	5.120920485645257e-06	12.256875	149.31541278323488	ACVR1;TNFAIP6;MMP3;SERPINE1;ITGA5;PTGS2;MMP10	0.00014817272100856168
SRRS_repair_ligand_receiver_core	39	Ligand_Perturbations_from_GEO_up	26	TGF-beta1 human IOSE - immortalized ovarian surface epithelial cell line GDS2975 ligand:257	2.4646274898524795e-05	12.037955310682584	127.73335689233696	IL11;TNFAIP6;WNT5A;ADAM12;ITGAV;THBS1	0.00018200326078910618
SRRS_repair_ligand_receiver_core	39	Ligand_Perturbations_from_GEO_up	27	TNFSF11 (RANKL) human monocyte-derived macrophage GSE72292 ligand:239	3.1195426097950775e-05	11.525513196480938	119.57995485619706	PDGFRB;IL6;TNFAIP6;WNT5A;THBS1;ACVR2A	0.00022183414114098328
SRRS_repair_ligand_receiver_core	39	Ligand_Perturbations_from_GEO_up	29	Interleukin-1 beta mouse embryonic fibroblasts GDS2641 ligand:57	5.006563387566923e-05	14.313242538394668	141.7322429647507	SDC4;CCL20;PTGS2;THBS1;HIF1A	0.0003314690242802928
SRRS_repair_ligand_receiver_core	39	Ligand_Perturbations_from_GEO_up	35	Interleukin-1 beta mouse embryonic fibroblasts from IRAK-4 kinase deficient mutants GDS2641 ligand:60	0.000570573214126716	8.336875212512751	62.267029362104	TNFAIP6;SDC4;SERPINE1;PTGS2;HIF1A	0.003082532473839301
SRRS_repair_ligand_receiver_core	39	Ligand_Perturbations_from_GEO_up	36	TGF-beta human A549 epithelial cells GDS3710 ligand:248	0.000577974838844869	8.31242583488727	61.977282618849294	ACVR1;IL11;TNFRSF12A;BAMBI;SERPINE1	0.003082532473839301
SRRS_repair_ligand_receiver_core	39	Ligand_Perturbations_from_GEO_up	46	TGF-beta human Panc-1 cells GDS4106 ligand:16	0.0031801677459188738	7.244608294930876	41.66244793383516	IL11;TNFRSF12A;SERPINE1;THBS1	0.012634707651140227
SRRS_repair_ligand_receiver_core	39	Ligand_Perturbations_from_GEO_up	47	TGF-beta1 mouse renal mesangial MES-13 cells GDS1892 ligand:15	0.0031801677459188738	7.244608294930876	41.66244793383516	TNFRSF12A;SERPINE1;THBS1;WISP1	0.012634707651140227
SRRS_repair_ligand_receiver_core	39	Ligand_Perturbations_from_GEO_up	53	TGF-beta human A549 epithelial cells GDS3710 ligand:247	0.0038388162663043172	6.862035823503714	38.17070024983273	IL11;TNFRSF12A;BAMBI;SERPINE1	0.01390665515340432
SRRS_repair_ligand_receiver_core	39	Ligand_Perturbations_from_GEO_up	54	fibroblast growth factor 2 (FGF2) human embryonic fibroblast GDS2422 ligand:9	0.004006287904975861	6.777729823047044	37.4123242650037	ITGB1;IL11;TNFRSF12A;SERPINE1	0.014244579217691948
SRRS_repair_ligand_receiver_core	39	Ligand_Perturbations_from_GEO_down	7	TGF-beta1 human IOSE - immortalized ovarian surface epithelial cell line GDS2975 ligand:256	0.001390183241291846	9.15911730545877	60.25160191740665	TGFBR3;CCL20;KDR;WISP1	0.028621509713269863
SRRS_repair_ligand_receiver_core	39	Ligand_Perturbations_from_GEO_down	12	TGF-beta1 human IOSE - immortalized ovarian surface epithelial cell line GDS2975 ligand:257	0.002603505053011038	7.6715748415407115	45.65274898263277	TGFBR3;CCL20;KDR;WISP1	0.028621509713269863
SRRS_repair_ligand_receiver_core	39	Ligand_Perturbations_from_GEO_down	15	interleukin-6 human prostate fibroblasts GSE68164 ligand:238	0.002865007637498586	7.464641670621737	43.70685243894813	MMP3;PDPN;CD47;MMP10	0.028621509713269863
SRRS_repair_ligand_receiver_core	39	Ligand_Perturbations_from_GEO_down	19	Interleukin-1 beta mouse embryonic fibroblasts from IRAK-4 kinase deficient mutants GDS2641 ligand:59	0.0038388162663043172	6.862035823503714	38.17070024983273	LRP1;TNFAIP6;THBS1;ACVR2A	0.0288209138440456
SRRS_repair_ligand_receiver_core	39	Ligand_Perturbations_from_GEO_down	24	TGF-beta human prostate fibroblasts GSE68164 ligand:240	0.00477355615851002	6.441050903119868	34.425251118935634	TGFBR3;BAMBI;MMP3;CD47	0.03218950991557957
SRRS_repair_ligand_receiver_core	39	Ligand_Perturbations_from_GEO_down	27	Interleukin-1 beta mouse embryonic fibroblasts GDS2641 ligand:57	0.0069571312364853375	5.765243004418262	28.641658456630957	IL11;TNFAIP6;SERPINE1;WISP1	0.04174278741891203
SRRS_repair_ligand_receiver_core	39	Ligand_Perturbations_from_GEO_up	67	interleukin-6 human prostate fibroblasts GSE68164 ligand:238	0.01962999889537458	5.613299086757991	22.064174102481672	IL6;PLOD2;ITGA5	0.054987239135314774
SRRS_repair_ligand_receiver_core	39	Ligand_Perturbations_from_GEO_up	84	TGF-beta human A549 epithelial cells GDS3710 ligand:246	0.0294269763714072	4.780458089668616	16.855146899333484	TNFRSF12A;BAMBI;SERPINE1	0.06726166027750217
SRRS_repair_ligand_receiver_core	39	Ligand_Perturbations_from_GEO_down	48	Interleukin-1 beta mouse embryonic fibroblasts GDS2641 ligand:58	0.03142092486591428	4.655745489078822	16.110188639095526	PDGFRB;WNT5A;ACVR2A	0.1060456214224607
SRRS_repair_ligand_receiver_core	39	Ligand_Perturbations_from_GEO_down	51	TGF-beta human A549 epithelial cells GDS3710 ligand:250	0.06310323390714477	5.133316008316008	14.18326620049302	CCL20;IL6R	0.2004455665285775
SRRS_repair_ligand_receiver_core	39	Ligand_Perturbations_from_GEO_down	52	TGF-beta human A549 epithelial cells GDS3710 ligand:251	0.06898586810813052	4.872763174133037	13.029055381359491	TGFBR3;CCL20	0.21491751218302202
SRRS_repair_ligand_receiver_core	39	Ligand_Perturbations_from_GEO_down	58	TGF-beta human A549 epithelial cells GDS3710 ligand:248	0.08414698536821863	4.332014941771039	10.72256085859631	CCL20;PTGS2	0.22781651717696122
SRRS_repair_ligand_receiver_core	39	Ligand_Perturbations_from_GEO_down	59	Interleukin-1 beta mouse embryonic fibroblasts from IRAK-4 kinase deficient mutants GDS2641 ligand:60	0.08472691187530809	4.314257577415472	10.648976875117041	LRP1;THBS1	0.22781651717696122
SRRS_repair_ligand_receiver_core	39	Ligand_Perturbations_from_GEO_down	66	TGF-beta human A549 epithelial cells GDS3710 ligand:247	0.09657857169942724	3.9870432229982793	9.319308400042594	CCL20;PTGS2	0.23133980825983316
SRRS_repair_ligand_receiver_core	39	Ligand_Perturbations_from_GEO_down	67	TGF-beta human A549 epithelial cells GDS3710 ligand:252	0.09718330500196805	3.9719645018152483	9.259270236647557	CCL20;PTGS2	0.23133980825983316
SRRS_repair_ligand_receiver_core	39	Ligand_Perturbations_from_GEO_down	78	TGF-beta human A549 epithelial cells GDS3710 ligand:254	0.11138583360658633	3.6537568496331385	8.019101576651476	CCL20;PTGS2	0.23133980825983316
SRRS_repair_ligand_receiver_core	39	Ligand_Perturbations_from_GEO_down	81	TGF-beta human A549 epithelial cells GDS3710 ligand:253	0.1177250070520954	3.5305737631319025	7.553323006049226	CCL20;PTGS2	0.2354500141041908
SRRS_repair_ligand_receiver_core	39	LINCS_L1000_Ligand_Perturbations_down	32	IL6-SKBR3	0.2633803282011895	3.362648556876061	4.486298341851051	ITGA8	0.2833976890843033
SRRS_repair_ligand_receiver_core	39	LINCS_L1000_Ligand_Perturbations_down	38	TNFA-MCF7	0.27202503527380917	3.2363517489375613	4.213280692118755	MMP3	0.2833976890843033
SRRS_repair_ligand_receiver_core	39	Ligand_Perturbations_from_GEO_down	97	TGF-beta1 human IOSE - immortalized ovarian surface epithelial cell line GDS2975 ligand:255	0.28057086257346253	3.1191301607311694	3.9641928401456363	TGFBR3	0.4685822653288756
