Donor	Condition	Sample_name	TNC_integrin_syndecan_axis_score	TNC_integrin_syndecan_ligand_score	TNC_integrin_syndecan_receptor_score	axis	IL11_gp130_axis_score	IL11_gp130_ligand_score	IL11_gp130_receptor_score	IL6_gp130_axis_score	IL6_gp130_ligand_score	IL6_gp130_receptor_score	INHBA_activin_TGF_family_axis_score	INHBA_activin_TGF_family_ligand_score	INHBA_activin_TGF_family_receptor_score	THBS1_matrix_receptors_axis_score	THBS1_matrix_receptors_ligand_score	THBS1_matrix_receptors_receptor_score	SERPINE1_LRP1_axis_score	SERPINE1_LRP1_ligand_score	SERPINE1_LRP1_receptor_score	CCL20_CCR6_axis_score	CCL20_CCR6_ligand_score	CCL20_CCR6_receptor_score
Donor1	Skin	Donor1_Skin	-0.3331447500586014	-0.5526049424656401	-0.11368455765156273	TNC_integrin_syndecan																		
Donor1	Wound1	Donor1_Wound1	-0.22586290795069403	-0.24618019811620068	-0.2055456177851873	TNC_integrin_syndecan																		
Donor1	Wound30	Donor1_Wound30	-0.04608987112116048	-0.13843696590918453	0.04625722366686363	TNC_integrin_syndecan																		
Donor1	Wound7	Donor1_Wound7	0.29335587577312544	0.3441049384399786	0.24260681310627238	TNC_integrin_syndecan																		
Donor2	Skin	Donor2_Skin	-0.35028132206023727	-0.5676012256194498	-0.1329614185010246	TNC_integrin_syndecan																		
Donor2	Wound1	Donor2_Wound1	0.03314021780140072	0.09220739729767717	-0.025926961694875694	TNC_integrin_syndecan																		
Donor2	Wound30	Donor2_Wound30	0.4248868348468714	0.6367563990639757	0.21301727062976714	TNC_integrin_syndecan																		
Donor2	Wound7	Donor2_Wound7	-0.18945615961719386	-0.26315934000448804	-0.11575297922989962	TNC_integrin_syndecan																		
Donor3	Skin	Donor3_Skin	-0.41397068646905805	-0.558227501245266	-0.26971387169285	TNC_integrin_syndecan																		
Donor3	Wound1	Donor3_Wound1	-0.0893603023556491	-0.04888326135959073	-0.12983734335170743	TNC_integrin_syndecan																		
Donor3	Wound30	Donor3_Wound30	-0.2584486572012279	-0.4146311045034193	-0.10226620989903648	TNC_integrin_syndecan																		
Donor3	Wound7	Donor3_Wound7	0.2649261729804942	0.41519497705042047	0.11465736891056792	TNC_integrin_syndecan																		
Donor4	Skin	Donor4_Skin	-0.3108533779276481	-0.50469289396688	-0.11701386188841618	TNC_integrin_syndecan																		
Donor4	Wound1	Donor4_Wound1	0.008448057615979809	0.016621329447903743	0.0002747857840559115	TNC_integrin_syndecan																		
Donor4	Wound30	Donor4_Wound30	0.10967482206348937	0.16369322785684798	0.05565641627013079	TNC_integrin_syndecan																		
Donor4	Wound7	Donor4_Wound7	0.3205849682161623	0.43759107846320283	0.2035788579691217	TNC_integrin_syndecan																		
Donor1	Skin	Donor1_Skin				IL11_gp130	0.02176573905384027	-0.048119811766303235	0.09165128987398376															
Donor1	Wound1	Donor1_Wound1				IL11_gp130	-0.16941055385342904	-0.042797841472054184	-0.29602326623480396															
Donor1	Wound30	Donor1_Wound30				IL11_gp130	0.07611658876912555	-0.021937642336397563	0.17417081987464866															
Donor1	Wound7	Donor1_Wound7				IL11_gp130	0.06580323975733704	0.16190946721238908	-0.03030298769771502															
Donor2	Skin	Donor2_Skin				IL11_gp130	0.026870607515409248	-0.06116974079207571	0.1149109558228942															
Donor2	Wound1	Donor2_Wound1				IL11_gp130	-0.08334669871734278	-0.009647186124423088	-0.1570462113102625															
Donor2	Wound30	Donor2_Wound30				IL11_gp130	0.16871344165420718	0.06443495670056393	0.2729919266078504															
Donor2	Wound7	Donor2_Wound7				IL11_gp130	-0.10551698082838262	-0.060310203319247614	-0.15072375833751767															
Donor3	Skin	Donor3_Skin				IL11_gp130	-0.11798571749468421	-0.08391771755458442	-0.15205371743478402															
Donor3	Wound1	Donor3_Wound1				IL11_gp130	-0.1327156320507558	-0.03655714037794773	-0.22887412372356392															
Donor3	Wound30	Donor3_Wound30				IL11_gp130	0.025148169130113942	-0.05267050859950517	0.10296684685973302															
Donor3	Wound7	Donor3_Wound7				IL11_gp130	0.06289121234220522	0.06982794460280103	0.05595448008160939															
Donor4	Skin	Donor4_Skin				IL11_gp130	-0.037908150641330074	-0.03705322282082637	-0.0387630784618338															
Donor4	Wound1	Donor4_Wound1				IL11_gp130	-0.05815912261638988	-0.04556794274401595	-0.07075030248876384															
Donor4	Wound30	Donor4_Wound30				IL11_gp130	0.03408848253482736	-0.0431982645206152	0.1113752295902699															
Donor4	Wound7	Donor4_Wound7				IL11_gp130	0.1442427516808104	0.14628650258646597	0.14219900077515488															
Donor1	Skin	Donor1_Skin				IL6_gp130				-0.09462673625834653	-0.12291265189266591	-0.0663408206240272												
Donor1	Wound1	Donor1_Wound1				IL6_gp130				-0.11616699892062897	-0.026820052461745073	-0.20551394537951287												
Donor1	Wound30	Donor1_Wound30				IL6_gp130				-0.05990236507751888	-0.11724859665465438	-0.002556133500383407												
Donor1	Wound7	Donor1_Wound7				IL6_gp130				-0.0173087172882745	-0.08435766467601982	0.04974023009947081												
Donor2	Skin	Donor2_Skin				IL6_gp130				-0.07021457870502809	-0.11447255867359495	-0.025956598736461275												
Donor2	Wound1	Donor2_Wound1				IL6_gp130				0.014754393756104439	0.005989962986939151	0.0235188245252697												
Donor2	Wound30	Donor2_Wound30				IL6_gp130				-0.018935028960642832	-0.11002881303065265	0.07215875510936698												
Donor2	Wound7	Donor2_Wound7				IL6_gp130				-0.09572486669879397	-0.07302011334259596	-0.11842962005499202												
Donor3	Skin	Donor3_Skin				IL6_gp130				-0.17806918701429392	-0.12291265189266591	-0.23322572213592196												
Donor3	Wound1	Donor3_Wound1				IL6_gp130				-0.02963324194154517	-0.03153598561156426	-0.027730498271526106												
Donor3	Wound30	Donor3_Wound30				IL6_gp130				-0.0510770520644666	-0.11434296130138095	0.012188857172447734												
Donor3	Wound7	Donor3_Wound7				IL6_gp130				0.4248411075089225	0.7119233157495215	0.13775889926832352												
Donor4	Skin	Donor4_Skin				IL6_gp130				-0.12324637353537525	-0.12291265189266593	-0.1235800951780846												
Donor4	Wound1	Donor4_Wound1				IL6_gp130				0.14658342169518127	0.16362543339508723	0.12954140999527525												
Donor4	Wound30	Donor4_Wound30				IL6_gp130				-0.0462311027332534	-0.10999786781911743	0.017535662352610608												
Donor4	Wound7	Donor4_Wound7				IL6_gp130				0.14250872342390117	0.14226815124717188	0.14274929560063046												
Donor1	Skin	Donor1_Skin				INHBA_activin_TGF_family							-0.13560538346700285	-0.24512439817997472	-0.026086368754030944									
Donor1	Wound1	Donor1_Wound1				INHBA_activin_TGF_family							-0.1693371014292336	-0.21247153316571965	-0.12620266969274752									
Donor1	Wound30	Donor1_Wound30				INHBA_activin_TGF_family							-0.028491311441867943	-0.17210280164352512	0.11512017875978928									
Donor1	Wound7	Donor1_Wound7				INHBA_activin_TGF_family							0.1676894388960539	0.3192043989046907	0.016174478887417066									
Donor2	Skin	Donor2_Skin				INHBA_activin_TGF_family							-0.12113557066779009	-0.2593921081485652	0.017120966812985097									
Donor2	Wound1	Donor2_Wound1				INHBA_activin_TGF_family							-0.060718205763680484	-0.09581095598365953	-0.025625455543701405									
Donor2	Wound30	Donor2_Wound30				INHBA_activin_TGF_family							0.151942619698466	0.16422104696319886	0.1396641924337332									
Donor2	Wound7	Donor2_Wound7				INHBA_activin_TGF_family							-0.0353549223665187	-0.03146722427956345	-0.03924262045347391									
Donor3	Skin	Donor3_Skin				INHBA_activin_TGF_family							-0.19809501019631134	-0.26009696316651365	-0.13609305722610893									
Donor3	Wound1	Donor3_Wound1				INHBA_activin_TGF_family							-0.008505236340065302	0.06725044522247575	-0.08426091790260631									
Donor3	Wound30	Donor3_Wound30				INHBA_activin_TGF_family							-0.08500954289103348	-0.16409869791750928	-0.005920387864557631									
Donor3	Wound7	Donor3_Wound7				INHBA_activin_TGF_family							0.12412112742019522	0.18742036821826819	0.06082188662212228									
Donor4	Skin	Donor4_Skin				INHBA_activin_TGF_family							-0.12059618010613297	-0.1973685594414524	-0.04382380077081347									
Donor4	Wound1	Donor4_Wound1				INHBA_activin_TGF_family							-0.03675775692736225	-0.034948700350094494	-0.03856681350462998									
Donor4	Wound30	Donor4_Wound30				INHBA_activin_TGF_family							0.05835434271433863	0.12936507345231701	-0.012656388023639711									
Donor4	Wound7	Donor4_Wound7				INHBA_activin_TGF_family							0.22784175015271801	0.370543554897001	0.085139945408435									
Donor1	Skin	Donor1_Skin				THBS1_matrix_receptors										-0.19948737239272965	-0.4046823662792362	0.005707621493776943						
Donor1	Wound1	Donor1_Wound1				THBS1_matrix_receptors										-0.22995964244919936	-0.13956022438836693	-0.32035906051003177						
Donor1	Wound30	Donor1_Wound30				THBS1_matrix_receptors										-0.016230109489673628	-0.14691136838972269	0.11445114941037544						
Donor1	Wound7	Donor1_Wound7				THBS1_matrix_receptors										0.12220600525472945	0.0695989990622347	0.17481301144722425						
Donor2	Skin	Donor2_Skin				THBS1_matrix_receptors										-0.11315920635567561	-0.20469225092923288	-0.021626161782118312						
Donor2	Wound1	Donor2_Wound1				THBS1_matrix_receptors										0.11591161781336308	0.37495585076620364	-0.1431326151394774						
Donor2	Wound30	Donor2_Wound30				THBS1_matrix_receptors										0.2683820003396555	0.2564646693284862	0.2802993313508247						
Donor2	Wound7	Donor2_Wound7				THBS1_matrix_receptors										-0.23255303246832826	-0.3558999781678139	-0.10920608676884258						
Donor3	Skin	Donor3_Skin				THBS1_matrix_receptors										-0.39143872843494915	-0.4884002926428451	-0.2944771642270531						
Donor3	Wound1	Donor3_Wound1				THBS1_matrix_receptors										-0.1854155002649696	-0.14787335619611938	-0.22295764433381976						
Donor3	Wound30	Donor3_Wound30				THBS1_matrix_receptors										-0.19743179859352483	-0.3742446812708926	-0.020618915916157016						
Donor3	Wound7	Donor3_Wound7				THBS1_matrix_receptors										0.4098381659615813	0.6960825442050378	0.12359378771812482						
Donor4	Skin	Donor4_Skin				THBS1_matrix_receptors										-0.35666547075340616	-0.5405291302782846	-0.1728018112285277						
Donor4	Wound1	Donor4_Wound1				THBS1_matrix_receptors										0.15446690465534468	0.36474245660851334	-0.05580864729782397						
Donor4	Wound30	Donor4_Wound30				THBS1_matrix_receptors										0.0657338644523082	-0.014601425828146332	0.14606915473276275						
Donor4	Wound7	Donor4_Wound7				THBS1_matrix_receptors										0.20641430060449364	0.1876017304824509	0.22522687072653633						
Donor1	Skin	Donor1_Skin				SERPINE1_LRP1													-0.021589792992314973	-0.36851893401085684	0.3253393480262268			
Donor1	Wound1	Donor1_Wound1				SERPINE1_LRP1													-0.30137594042146265	-0.07776941080964332	-0.524982470033282			
Donor1	Wound30	Donor1_Wound30				SERPINE1_LRP1													0.0198286800444207	-0.2680966162567113	0.3077539763455526			
Donor1	Wound7	Donor1_Wound7				SERPINE1_LRP1													0.2542699705686492	0.5645085903669137	-0.05596864922961531			
Donor2	Skin	Donor2_Skin				SERPINE1_LRP1													-0.03469932369013405	-0.32699803521478127	0.257599387834513			
Donor2	Wound1	Donor2_Wound1				SERPINE1_LRP1													-0.036484199235375665	0.3059865479192279	-0.3789549463899793			
Donor2	Wound30	Donor2_Wound30				SERPINE1_LRP1													0.28556062391665943	-0.04305727242807838	0.6141785202613972			
Donor2	Wound7	Donor2_Wound7				SERPINE1_LRP1													-0.1733805781854699	-0.2294872869300766	-0.1172738694408632			
Donor3	Skin	Donor3_Skin				SERPINE1_LRP1													-0.32603342593217643	-0.29295510852446993	-0.359111743339883			
Donor3	Wound1	Donor3_Wound1				SERPINE1_LRP1													-0.13824864859096855	0.2193321028659603	-0.4958294000478974			
Donor3	Wound30	Donor3_Wound30				SERPINE1_LRP1													-0.10192843709529166	-0.3373541967679524	0.13349732257736904			
Donor3	Wound7	Donor3_Wound7				SERPINE1_LRP1													0.17308826543204958	0.2526054401434344	0.09357109072066469			
Donor4	Skin	Donor4_Skin				SERPINE1_LRP1													-0.2957368495035445	-0.34725537567230164	-0.2442183233347874			
Donor4	Wound1	Donor4_Wound1				SERPINE1_LRP1													-0.01649187823962571	0.26260175072701336	-0.2955855072062648			
Donor4	Wound30	Donor4_Wound30				SERPINE1_LRP1													0.09246964443821971	-0.16097916777344248	0.34591845664988186			
Donor4	Wound7	Donor4_Wound7				SERPINE1_LRP1													0.2336290227562674	0.2941377905293575	0.1731202549831772			
Donor1	Skin	Donor1_Skin				CCL20_CCR6																-0.07907528661751731	-0.05778403574645177	-0.10036653748858283
Donor1	Wound1	Donor1_Wound1				CCL20_CCR6																-0.052909070198493995	-0.015232656410647732	-0.09058548398634025
Donor1	Wound30	Donor1_Wound30				CCL20_CCR6																-0.04833612163359563	-0.046030664512009295	-0.05064157875518197
Donor1	Wound7	Donor1_Wound7				CCL20_CCR6																0.06956313739515979	0.013114118732719563	0.1260121560576
Donor2	Skin	Donor2_Skin				CCL20_CCR6																-0.024537800475393168	-0.039944595796787295	-0.009131005153999047
Donor2	Wound1	Donor2_Wound1				CCL20_CCR6																-0.04679623345980783	-0.04835327056922154	-0.04523919635039411
Donor2	Wound30	Donor2_Wound30				CCL20_CCR6																-0.037625133227536044	-0.0385173453701793	-0.036732921084892775
Donor2	Wound7	Donor2_Wound7				CCL20_CCR6																-0.04317569267334678	-0.03689555227418083	-0.04945583307251276
Donor3	Skin	Donor3_Skin				CCL20_CCR6																0.003873783656391656	-0.03195552772231681	0.03970309503510011
Donor3	Wound1	Donor3_Wound1				CCL20_CCR6																-0.0131511435773077	0.018665061173726162	-0.04496734832834155
Donor3	Wound30	Donor3_Wound30				CCL20_CCR6																-0.024341387647108463	-0.05013609714304139	0.001453321848824456
Donor3	Wound7	Donor3_Wound7				CCL20_CCR6																0.14972403371027268	0.20782827700330458	0.09161979041724079
Donor4	Skin	Donor4_Skin				CCL20_CCR6																-0.042116720890009375	-0.05778403574645177	-0.026449406033566984
Donor4	Wound1	Donor4_Wound1				CCL20_CCR6																0.1020888733257397	0.11875906827729878	0.08541867837418063
Donor4	Wound30	Donor4_Wound30				CCL20_CCR6																-0.006128915051641003	-0.033602995026722295	0.021345164923440286
Donor4	Wound7	Donor4_Wound7				CCL20_CCR6																0.059470704707069236	0.05348237388412367	0.0654590355300148
