axis	Condition	Donor	ligand_receptor_spearman_rho	p_spearman	n_spots	mean_axis_score
TNC_integrin_syndecan	Skin	Donor1	0.21519165510434088	6.10727689017796e-10	810	-0.3331447500586014
TNC_integrin_syndecan	Skin	Donor2	0.2155866254186462	2.6003012391680003e-10	842	-0.35028132206023727
TNC_integrin_syndecan	Skin	Donor3	0.21344810810061904	1.686653660256989e-08	685	-0.41397068646905805
TNC_integrin_syndecan	Skin	Donor4	0.3227837673051354	2.097631963447169e-19	740	-0.31085337792764817
TNC_integrin_syndecan	Wound1	Donor1	0.3918689683204588	2.6675698900390574e-68	1832	-0.22586290795069403
TNC_integrin_syndecan	Wound1	Donor2	0.3065464822770404	1.4509057602870086e-39	1758	0.03314021780140072
TNC_integrin_syndecan	Wound1	Donor3	0.30167621782946963	4.099117783544166e-29	1317	-0.0893603023556491
TNC_integrin_syndecan	Wound1	Donor4	0.2755769443596867	2.0500615757942556e-29	1608	0.00844805761597981
TNC_integrin_syndecan	Wound30	Donor1	0.3879321998567991	3.6925166566980735e-47	1278	-0.046089871121160475
TNC_integrin_syndecan	Wound30	Donor2	0.31633448903047934	1.9530945265242474e-52	2205	0.4248868348468714
TNC_integrin_syndecan	Wound30	Donor3	0.2725958572089249	9.83134852121094e-36	2019	-0.2584486572012279
TNC_integrin_syndecan	Wound30	Donor4	0.3656964253161023	2.3886187002703026e-57	1777	0.10967482206348939
TNC_integrin_syndecan	Wound7	Donor1	0.27816136138838193	2.189163878255295e-31	1689	0.29335587577312544
TNC_integrin_syndecan	Wound7	Donor2	0.4149703584685296	7.177671702324664e-68	1606	-0.18945615961719386
TNC_integrin_syndecan	Wound7	Donor3	0.28662998367513526	1.8759915365772613e-30	1537	0.2649261729804942
TNC_integrin_syndecan	Wound7	Donor4	0.2693727387921412	1.3585880327594759e-21	1212	0.3205849682161623
IL11_gp130	Skin	Donor1	0.1271753761885971	0.0002849310345923348	810	0.021765739053840254
IL11_gp130	Skin	Donor2	0.05529414042602864	0.10886263492570732	842	0.026870607515409237
IL11_gp130	Skin	Donor3	0.05891842987688574	0.12342267719673246	685	-0.11798571749468424
IL11_gp130	Skin	Donor4	0.12993426478140382	0.0003946261944221674	740	-0.03790815064133009
IL11_gp130	Wound1	Donor1	0.15100473977889772	8.239777128530966e-11	1832	-0.1694105538534291
IL11_gp130	Wound1	Donor2	0.07364367786996084	0.002003118188827379	1758	-0.08334669871734281
IL11_gp130	Wound1	Donor3	0.10035538605513257	0.00026459801068203827	1317	-0.13271563205075584
IL11_gp130	Wound1	Donor4	0.048029404613694184	0.054155997844690926	1608	-0.0581591226163899
IL11_gp130	Wound30	Donor1	0.05787380677324149	0.03857918077308553	1278	0.07611658876912555
IL11_gp130	Wound30	Donor2	0.07540254632863708	0.0003944828852925082	2205	0.16871344165420715
IL11_gp130	Wound30	Donor3	0.03962294212030332	0.07507836579744301	2019	0.025148169130113925
IL11_gp130	Wound30	Donor4	0.0126437202834987	0.5942858039429157	1777	0.034088482534827345
IL11_gp130	Wound7	Donor1	0.12878562994481035	1.0904200763911204e-07	1689	0.06580323975733701
IL11_gp130	Wound7	Donor2	0.050346618709822	0.04365945436165551	1606	-0.10551698082838265
IL11_gp130	Wound7	Donor3	0.060957865193442824	0.01684347599914225	1537	0.0628912123422052
IL11_gp130	Wound7	Donor4	0.11866268219344851	3.4507905163637816e-05	1212	0.14424275168081038
IL6_gp130	Skin	Donor1			810	-0.09462673625834653
IL6_gp130	Skin	Donor2	0.03165290862178254	0.3589617161254682	842	-0.07021457870502809
IL6_gp130	Skin	Donor3			685	-0.17806918701429392
IL6_gp130	Skin	Donor4			740	-0.12324637353537525
IL6_gp130	Wound1	Donor1	0.08163068340012708	0.0004698185250435963	1832	-0.11616699892062897
IL6_gp130	Wound1	Donor2	0.10816975838463963	5.48014342595487e-06	1758	0.014754393756104447
IL6_gp130	Wound1	Donor3	0.05951208778489843	0.030804686598841672	1317	-0.02963324194154517
IL6_gp130	Wound1	Donor4	0.08493458802136811	0.0006511074635417381	1608	0.14658342169518127
IL6_gp130	Wound30	Donor1	0.02481296754980696	0.37545030959953357	1278	-0.05990236507751887
IL6_gp130	Wound30	Donor2	0.041389428025947264	0.051983339697472784	2205	-0.018935028960642822
IL6_gp130	Wound30	Donor3	0.011227012500796593	0.6141419097071882	2019	-0.051077052064466597
IL6_gp130	Wound30	Donor4	0.049595516836312935	0.036573942548467124	1777	-0.046231102733253385
IL6_gp130	Wound7	Donor1	0.07087048324196717	0.0035671085280209506	1689	-0.01730871728827449
IL6_gp130	Wound7	Donor2	0.04368093913590762	0.08012127031849625	1606	-0.09572486669879397
IL6_gp130	Wound7	Donor3	0.11901066290172096	2.8883362508779737e-06	1537	0.4248411075089225
IL6_gp130	Wound7	Donor4	0.1094172040781383	0.00013521464514936393	1212	0.14250872342390117
INHBA_activin_TGF_family	Skin	Donor1	0.08139584253755194	0.020512772868613804	810	-0.13560538346700285
INHBA_activin_TGF_family	Skin	Donor2	0.08297677026663897	0.016025519282916696	842	-0.12113557066779009
INHBA_activin_TGF_family	Skin	Donor3	0.03892934739587235	0.3089615745877114	685	-0.1980950101963113
INHBA_activin_TGF_family	Skin	Donor4	0.08314034719635541	0.02371251623407373	740	-0.12059618010613297
INHBA_activin_TGF_family	Wound1	Donor1	0.13781717449535322	3.1594703326030407e-09	1832	-0.16933710142923364
INHBA_activin_TGF_family	Wound1	Donor2	0.11678840894252092	9.103373717453333e-07	1758	-0.06071820576368049
INHBA_activin_TGF_family	Wound1	Donor3	0.15371432277936467	2.0655145314389654e-08	1317	-0.00850523634006531
INHBA_activin_TGF_family	Wound1	Donor4	0.09604404655961425	0.00011465618918970117	1608	-0.03675775692736226
INHBA_activin_TGF_family	Wound30	Donor1	0.16060843940331693	7.763630159461593e-09	1278	-0.02849131144186795
INHBA_activin_TGF_family	Wound30	Donor2	0.17922985608266945	2.2489359067711728e-17	2205	0.151942619698466
INHBA_activin_TGF_family	Wound30	Donor3	0.06541178571005633	0.0032768769135170794	2019	-0.08500954289103349
INHBA_activin_TGF_family	Wound30	Donor4	0.10345920610627607	1.2428583118272213e-05	1777	0.05835434271433862
INHBA_activin_TGF_family	Wound7	Donor1	0.12908408466673113	1.0185445380993381e-07	1689	0.16768943889605387
INHBA_activin_TGF_family	Wound7	Donor2	0.15226080848965987	8.630187551786863e-10	1606	-0.0353549223665187
INHBA_activin_TGF_family	Wound7	Donor3	0.16306516749989108	1.2694249702190487e-10	1537	0.12412112742019522
INHBA_activin_TGF_family	Wound7	Donor4	0.20639530077717505	3.9795768452877404e-13	1212	0.22784175015271796
THBS1_matrix_receptors	Skin	Donor1	0.14431183199828782	3.74877906648971e-05	810	-0.19948737239272965
THBS1_matrix_receptors	Skin	Donor2	0.1567856835222449	4.853409507599438e-06	842	-0.11315920635567563
THBS1_matrix_receptors	Skin	Donor3	0.17600376805248533	3.5819937489625813e-06	685	-0.3914387284349491
THBS1_matrix_receptors	Skin	Donor4	0.1485870279741922	4.955491286046556e-05	740	-0.35666547075340616
THBS1_matrix_receptors	Wound1	Donor1	0.3058243863271814	5.780187490615914e-41	1832	-0.22995964244919936
THBS1_matrix_receptors	Wound1	Donor2	0.15142755315136383	1.7542195113951786e-10	1758	0.11591161781336308
THBS1_matrix_receptors	Wound1	Donor3	0.2922228461597877	2.424057874918587e-27	1317	-0.1854155002649696
THBS1_matrix_receptors	Wound1	Donor4	0.0482656730187464	0.0529816837501112	1608	0.15446690465534468
THBS1_matrix_receptors	Wound30	Donor1	0.2202168435019391	1.6818291958949017e-15	1278	-0.016230109489673628
THBS1_matrix_receptors	Wound30	Donor2	0.2742310786657336	2.4556355029175475e-39	2205	0.2683820003396555
THBS1_matrix_receptors	Wound30	Donor3	0.1414287715163678	1.7361598079496242e-10	2019	-0.19743179859352483
THBS1_matrix_receptors	Wound30	Donor4	0.2571260210856662	3.15964943595814e-28	1777	0.06573386445230821
THBS1_matrix_receptors	Wound7	Donor1	0.18553612575487985	1.515188843287211e-14	1689	0.12220600525472945
THBS1_matrix_receptors	Wound7	Donor2	0.25088576664159723	1.786276617638135e-24	1606	-0.23255303246832826
THBS1_matrix_receptors	Wound7	Donor3	0.010259563016726054	0.6877537102287725	1537	0.4098381659615812
THBS1_matrix_receptors	Wound7	Donor4	0.17140914491955075	1.904545924833674e-09	1212	0.20641430060449364
SERPINE1_LRP1	Skin	Donor1	0.008595383352734796	0.8070328459295849	810	-0.02158979299231499
SERPINE1_LRP1	Skin	Donor2	0.0003496481277025084	0.991916969048068	842	-0.034699323690134065
SERPINE1_LRP1	Skin	Donor3	0.08655898314713666	0.023477026408910015	685	-0.32603342593217643
SERPINE1_LRP1	Skin	Donor4	0.0577026613513362	0.11680286941687566	740	-0.2957368495035445
SERPINE1_LRP1	Wound1	Donor1	0.15998590136393842	5.680960529742603e-12	1832	-0.30137594042146265
SERPINE1_LRP1	Wound1	Donor2	0.05680438128853189	0.01722112116256306	1758	-0.036484199235375686
SERPINE1_LRP1	Wound1	Donor3	0.05905070218597536	0.03212800818015422	1317	-0.13824864859096855
SERPINE1_LRP1	Wound1	Donor4	0.06617577964787538	0.007942910986707769	1608	-0.01649187823962572
SERPINE1_LRP1	Wound30	Donor1	-0.03644432649200618	0.19291281077378294	1278	0.01982868004442069
SERPINE1_LRP1	Wound30	Donor2	-0.003526060162492583	0.8685651349139956	2205	0.28556062391665943
SERPINE1_LRP1	Wound30	Donor3	0.060641447879654815	0.006417685018716865	2019	-0.10192843709529166
SERPINE1_LRP1	Wound30	Donor4	0.06921098314133055	0.0035115558429044103	1777	0.0924696444382197
SERPINE1_LRP1	Wound7	Donor1	-0.0024890754895578898	0.9185827917656614	1689	0.2542699705686492
SERPINE1_LRP1	Wound7	Donor2	0.029342110374267802	0.23990651450646022	1606	-0.1733805781854699
SERPINE1_LRP1	Wound7	Donor3	0.03559846875332552	0.16303691932437994	1537	0.17308826543204958
SERPINE1_LRP1	Wound7	Donor4	0.015082306013502305	0.5998889026996248	1212	0.23362902275626737
CCL20_CCR6	Skin	Donor1			810	-0.07907528661751731
CCL20_CCR6	Skin	Donor2	-0.004317963755276583	0.9004366076379119	842	-0.02453780047539317
CCL20_CCR6	Skin	Donor3	-0.005720644743973691	0.8811974745876283	685	0.0038737836563916576
CCL20_CCR6	Skin	Donor4			740	-0.04211672089000938
CCL20_CCR6	Wound1	Donor1	-0.0032867582544842413	0.8881987795589746	1832	-0.052909070198494
CCL20_CCR6	Wound1	Donor2	-0.0026230915497898813	0.9124852850087803	1758	-0.04679623345980784
CCL20_CCR6	Wound1	Donor3	-0.00675458710251824	0.8065359198822534	1317	-0.01315114357730771
CCL20_CCR6	Wound1	Donor4	0.05865081476609568	0.018668442317298795	1608	0.1020888733257397
CCL20_CCR6	Wound30	Donor1	-0.00294500675220261	0.9162340722268107	1278	-0.048336121633595644
CCL20_CCR6	Wound30	Donor2	0.1028801371556357	1.291240555346384e-06	2205	-0.03762513322753605
CCL20_CCR6	Wound30	Donor3	0.17111903450438834	9.837251311787706e-15	2019	-0.02434138764710847
CCL20_CCR6	Wound30	Donor4	-0.0046879137398467855	0.8434530375151773	1777	-0.006128915051641013
CCL20_CCR6	Wound7	Donor1	-0.012484601017303473	0.6081434672292251	1689	0.06956313739515979
CCL20_CCR6	Wound7	Donor2	-0.0035421502184101263	0.8872053283539945	1606	-0.0431756926733468
CCL20_CCR6	Wound7	Donor3	-0.023082093527138327	0.36583194736983327	1537	0.14972403371027268
CCL20_CCR6	Wound7	Donor4	-0.01424186130971202	0.6203695317341039	1212	0.059470704707069236
