Condition	AnnoType	spots	high_spots	high_fraction	odds_ratio_high_spot_enrichment	p_fisher_greater	mean_SRRS	padj_bh
Skin	Basal_epi	124	116	0.9354838709677419	50.9717125382263	2.3982373263936264e-62	0.5861895450386634	5.3560633622790985e-61
Skin	Suprabasal_epi	247	139	0.562753036437247	4.485252685331925	5.290714308480975e-28	0.009660251861515878	5.9079643111370884e-27
Skin	Immune_endo	394	176	0.4467005076142132	2.8392796466190964	4.581160251413713e-20	-0.20194941496694624	4.384824812067411e-19
Skin	Sweat_gland	31	19	0.6129032258064516	4.838548601864181	1.8431071477088967e-05	0.016705087031761583	6.860454383138671e-05
Skin	Smooth_muscle	191	72	0.3769633507853403	1.8966073535431365	4.183400953102217e-05	-0.2857143778108169	0.00014751992834623607
Skin	LE	48	19	0.3958333333333333	1.9873272418384682	0.017767201563842826	-0.22586263793240416	0.04960010436572789
Skin	Dermis2	27	5	0.18518518518518517	0.6788472964943553	0.8435137814690316	-0.5312121187172332	1.0
Skin	Sebaceous_gland	28	4	0.14285714285714285	0.49673629242819844	0.9459568158478574	-0.6071723989221027	1.0
Skin	Immune	201	32	0.15920398009950248	0.5485479706868075	0.9995253226513587	-0.5376258358967746	1.0
Skin	Papillary_dermis	139	19	0.1366906474820144	0.46108521970705724	0.999730756045399	-0.6524382094149872	1.0
Skin	Wound_edges	254	41	0.16141732283464566	0.552908672887807	0.9998607756036273	-0.5339643639268814	1.0
Skin	Mast_cell	32	1	0.03125	0.09547380343135199	0.9999058349984882	-0.676150490650925	1.0
Skin	Sweatgland_FB	200	22	0.11	0.35178453403833443	0.9999999090321474	-0.631615049095924	1.0
Skin	FB2	621	91	0.14653784219001612	0.4493483758023731	0.9999999999989806	-0.5383791068447118	1.0
Skin	FB1	211	5	0.023696682464454975	0.06666032108636334	1.0	-0.7328306768493473	1.0
Skin	Dermis1	317	9	0.028391167192429023	0.07675734252606789	1.0	-0.769849788779911	1.0
Wound1	Immune_endo	689	334	0.4847605224963715	3.291867964544021	1.545073199650262e-45	0.4163796140370789	2.0703980875313512e-44
Wound1	Hair_follicle	85	56	0.6588235294117647	5.96251397505316	1.5162587254398568e-15	0.9133691073684695	1.1287703844941157e-14
Wound1	Smooth_muscle	235	112	0.4765957446808511	2.8589588994110113	1.668159447198131e-14	0.3053786401576093	1.1176668296227478e-13
Wound1	Sweat_gland	87	46	0.5287356321839081	3.4338936566876725	1.928936293623275e-08	0.5930097578245076	9.941440897904572e-08
Wound1	Wound_edges	655	211	0.32213740458015266	1.4886815588508113	7.0315177684971546e-06	0.11512251982758052	2.9444480655581835e-05
Wound1	Basal_epi	376	118	0.31382978723404253	1.40084855760598	0.002375819869544051	-0.14247470197634332	0.007235451420884154
Wound1	Sebaceous_gland	111	37	0.3333333333333333	1.5113065326633166	0.02920918680157137	-0.05129410988456581	0.07828062062821127
Wound1	Dermis2	64	21	0.328125	1.4708868448455397	0.09831465473765512	0.059626896229188195	0.2439659950897368
Wound1	Immune	687	175	0.2547307132459971	1.0282115070495186	0.39765719905545793	-0.007747996533532703	0.8325886709651917
Wound1	LE	125	29	0.232	0.9043619791666667	0.7132696430793766	-0.09496920202409101	1.0
Wound1	FB2	474	105	0.22151898734177214	0.843389240979024	0.9401297296922123	-0.03246547580301865	1.0
Wound1	Suprabasal_epi	582	121	0.20790378006872853	0.7701873450059552	0.9946175471319982	-0.28449002523890116	1.0
Wound1	Mast_cell	33	2	0.06060606060606061	0.19251739794198702	0.9991161321287079	-0.43001936893917464	1.0
Wound1	Papillary_dermis	200	32	0.16	0.5627217699853893	0.9993290314926854	-0.21347462094558484	1.0
Wound1	Sweatgland_FB	714	116	0.16246498599439776	0.5497593874271365	0.9999999990810077	-0.2942076317739852	1.0
Wound1	FB1	291	23	0.07903780068728522	0.2467751528781993	0.9999999999999962	-0.38110773663120834	1.0
Wound1	Dermis1	1107	91	0.08220415537488708	0.22537322220288133	1.0	-0.4127739757837968	1.0
Wound30	FB1	881	523	0.5936435868331441	5.745581767981978	1.2181213457029276e-120	0.5468563495900925	8.161413016209615e-119
Wound30	Basal_epi	237	177	0.7468354430379747	9.69388314059647	5.097329558898083e-60	0.9933031177029515	8.538027011154288e-59
Wound30	Immune_endo	1033	378	0.3659244917715392	1.9225969020973839	1.9875205239232643e-19	0.3556722100093481	1.664548438785734e-18
Wound30	Suprabasal_epi	307	117	0.3811074918566775	1.9052229811169143	1.444463356167761e-07	0.37854208371385756	6.451936324215999e-07
Wound30	Sweat_gland	48	26	0.5416666666666666	3.5816864295125166	1.3780012498983678e-05	0.5342283920666056	5.4309461025406264e-05
Wound30	LE	132	45	0.3409090909090909	1.5654201068479845	0.01155511594315108	0.24719238194478899	0.03366055513874445
Wound30	Smooth_muscle	233	64	0.27467811158798283	1.1408391853459314	0.20889874009346576	0.2336435126553628	0.4994193357626635
Wound30	Mast_cell	64	18	0.28125	1.1754330936640447	0.3252204656494023	0.12872399949919186	0.7263257066169986
Wound30	Hair_follicle	47	13	0.2765957446808511	1.1479052052475667	0.3902479656502686	0.037786634315097316	0.8325886709651917
Wound30	Wound_edges	355	91	0.2563380281690141	1.0356858054226474	0.41008098719181085	-0.03621403112144474	0.8325886709651917
Wound30	Dermis2	80	10	0.125	0.42533543804262036	0.998246618063213	-0.1079083880346722	1.0
Wound30	Sebaceous_gland	62	5	0.08064516129032258	0.26107969648639506	0.9998547398823625	-0.37414643689070665	1.0
Wound30	Immune	562	71	0.12633451957295375	0.4107415468134832	0.9999999999999836	-0.14519615078216225	1.0
Wound30	FB2	1106	155	0.14014466546112117	0.44128671258008795	1.0	-0.07264720951751664	1.0
Wound30	Papillary_dermis	389	33	0.08483290488431877	0.2647067145363204	1.0	-0.2995210274134694	1.0
Wound30	Sweatgland_FB	678	76	0.11209439528023599	0.35159178883842845	1.0	-0.34400199811356535	1.0
Wound30	Dermis1	1065	18	0.016901408450704224	0.04209267639585434	1.0	-0.5614888932220325	1.0
Wound7	Wound_edges	821	420	0.5115712545676004	3.9668016027758286	1.1874809404535413e-68	1.0671435876302928	3.978061150519363e-67
Wound7	Immune_endo	825	287	0.3478787878787879	1.7411451879388682	7.865155393479123e-12	0.5802639314378074	4.7905946487554656e-11
Wound7	Basal_epi	182	87	0.47802197802197804	2.854124778237729	1.2156722758212944e-11	0.8912083818991533	6.787503540002227e-11
Wound7	Hair_follicle	68	38	0.5588235294117647	3.872233536999321	4.6535756031011996e-08	0.8116402891846648	2.2270683243412883e-07
Wound7	Sweat_gland	84	36	0.42857142857142855	2.2805084745762714	0.0002382570410960515	0.5451553598829981	0.0007981610876717724
Wound7	FB1	290	98	0.33793103448275863	1.568095364472753	0.00036596237907183675	0.4504954095314134	0.0011675942570387172
Wound7	Immune	520	143	0.275	1.152349263964509	0.09357822878707393	0.4340152095851054	0.2411438972589982
Wound7	Sebaceous_gland	56	17	0.30357142857142855	1.3111934919163835	0.216166578165929	0.008206620638361315	0.4994193357626635
Wound7	Suprabasal_epi	425	107	0.25176470588235295	1.0101529323227436	0.4850975395573432	0.29917996740425024	0.9559275044218234
Wound7	LE	114	28	0.24561403508771928	0.976305101224733	0.5797983041160828	0.19425665226593733	1.0
Wound7	Smooth_muscle	211	50	0.23696682464454977	0.9293387920296232	0.6973087330748136	0.3820220847715243	1.0
Wound7	Mast_cell	31	3	0.0967741935483871	0.3200786282682834	0.9916833629979921	-0.3997961031925085	1.0
Wound7	Dermis2	69	6	0.08695652173913043	0.2828666350261035	0.999867529203872	-0.19929236092525623	1.0
Wound7	Sweatgland_FB	497	80	0.16096579476861167	0.5518101242276618	0.9999997780117061	-0.09668099032912505	1.0
Wound7	FB2	519	23	0.04431599229287091	0.12580618062781823	1.0	-0.22095992827661187	1.0
Wound7	Dermis1	1096	77	0.07025547445255474	0.1851693691548172	1.0	-0.24029544584991752	1.0
Wound7	Papillary_dermis	236	11	0.046610169491525424	0.1404088888888889	1.0	-0.3030644930130459	1.0
